Time,name,cmd_0,cmd_1,cmd_2,cmd_3,cmd_4,cmd_5
1649556736.8182857,arm,-0.016873789951205254,-0.25617480278015137,0.2592427730560303,0.08130098134279251,1.5769323110580444,-0.18100973963737488
1649556736.818478,arm,-0.015339808538556099,-0.2577087879180908,0.2592427730560303,0.08130098134279251,1.5769323110580444,-0.18100973963737488
1649556736.8356225,arm,-0.015339808538556099,-0.2577087879180908,0.2592427730560303,0.08130098134279251,1.5769323110580444,-0.18100973963737488
1649556736.8557165,arm,-0.015339808538556099,-0.25617480278015137,0.2592427730560303,0.08130098134279251,1.5769323110580444,-0.18100973963737488
1649556736.8755987,arm,-0.015339808538556099,-0.25617480278015137,0.2592427730560303,0.08130098134279251,1.5769323110580444,-0.18100973963737488
1649556736.8956108,arm,-0.016873789951205254,-0.25617480278015137,0.2592427730560303,0.08130098134279251,1.5769323110580444,-0.18100973963737488
1649556736.9155948,arm,-0.015339808538556099,-0.2577087879180908,0.2592427730560303,0.08130098134279251,1.5769323110580444,-0.18100973963737488
1649556736.935591,arm,-0.015339808538556099,-0.2577087879180908,0.2592427730560303,0.08130098134279251,1.5769323110580444,-0.18100973963737488
1649556736.9556448,arm,-0.015339808538556099,-0.2577087879180908,0.2592427730560303,0.08130098134279251,1.5769323110580444,-0.18100973963737488
1649556736.975587,arm,-0.016873789951205254,-0.25617480278015137,0.2592427730560303,0.08130098134279251,1.5769323110580444,-0.18100973963737488
1649556736.9955714,arm,-0.016873789951205254,-0.25617480278015137,0.2592427730560303,0.08130098134279251,1.5769323110580444,-0.18100973963737488
1649556737.0155935,arm,-0.016873789951205254,-0.2577087879180908,0.26077672839164734,0.08130098134279251,1.5769323110580444,-0.18100973963737488
1649556737.0356424,arm,-0.016873789951205254,-0.2577087879180908,0.26077672839164734,0.08130098134279251,1.5769323110580444,-0.18100973963737488
1649556737.0556388,arm,-0.015339808538556099,-0.25617480278015137,0.26384469866752625,0.08130098134279251,1.5769323110580444,-0.18100973963737488
1649556737.0755754,arm,-0.016873789951205254,-0.2577087879180908,0.26384469866752625,0.08130098134279251,1.5784662961959839,-0.18100973963737488
1649556737.0955367,arm,-0.016873789951205254,-0.2577087879180908,0.26691266894340515,0.08130098134279251,1.5769323110580444,-0.18100973963737488
1649556737.115536,arm,-0.016873789951205254,-0.2577087879180908,0.26691266894340515,0.08130098134279251,1.5769323110580444,-0.18100973963737488
1649556737.1355267,arm,-0.015339808538556099,-0.2577087879180908,0.2684466540813446,0.08130098134279251,1.5769323110580444,-0.18100973963737488
1649556737.155585,arm,-0.016873789951205254,-0.25617480278015137,0.2684466540813446,0.08130098134279251,1.5769323110580444,-0.18100973963737488
1649556737.1755633,arm,-0.015339808538556099,-0.25617480278015137,0.2684466540813446,0.08130098134279251,1.5769323110580444,-0.18100973963737488
1649556737.195569,arm,-0.015339808538556099,-0.25617480278015137,0.26998063921928406,0.08130098134279251,1.5769323110580444,-0.18100973963737488
1649556737.215546,arm,-0.015339808538556099,-0.25617480278015137,0.2715145945549011,0.08130098134279251,1.5769323110580444,-0.18100973963737488
1649556737.2355187,arm,-0.013805827125906944,-0.25617480278015137,0.2715145945549011,0.08130098134279251,1.5769323110580444,-0.18100973963737488
1649556737.2555861,arm,-0.013805827125906944,-0.25617480278015137,0.2730485796928406,0.08130098134279251,1.5769323110580444,-0.18100973963737488
1649556737.2757998,arm,-0.013805827125906944,-0.25617480278015137,0.2730485796928406,0.08130098134279251,1.5769323110580444,-0.18100973963737488
1649556737.2955558,arm,-0.013805827125906944,-0.25617480278015137,0.2730485796928406,0.08130098134279251,1.5769323110580444,-0.18100973963737488
1649556737.3155696,arm,-0.013805827125906944,-0.2577087879180908,0.27458256483078003,0.08130098134279251,1.5769323110580444,-0.18100973963737488
1649556737.3356018,arm,-0.015339808538556099,-0.25617480278015137,0.27458256483078003,0.08130098134279251,1.5769323110580444,-0.18100973963737488
1649556737.355622,arm,-0.013805827125906944,-0.25617480278015137,0.27458256483078003,0.08130098134279251,1.5769323110580444,-0.18100973963737488
1649556737.3756378,arm,-0.013805827125906944,-0.2577087879180908,0.27458256483078003,0.08130098134279251,1.5769323110580444,-0.18100973963737488
1649556737.3957767,arm,-0.013805827125906944,-0.2577087879180908,0.27458256483078003,0.08130098134279251,1.5769323110580444,-0.18100973963737488
1649556737.4155972,arm,-0.015339808538556099,-0.25617480278015137,0.2761165499687195,0.08130098134279251,1.5784662961959839,-0.18100973963737488
1649556737.4355884,arm,-0.016873789951205254,-0.2577087879180908,0.27765053510665894,0.08130098134279251,1.5769323110580444,-0.18100973963737488
1649556737.4555802,arm,-0.01840776950120926,-0.25617480278015137,0.2791845202445984,0.08130098134279251,1.5769323110580444,-0.18100973963737488
1649556737.4755683,arm,-0.01840776950120926,-0.2577087879180908,0.2822524607181549,0.08130098134279251,1.5769323110580444,-0.18100973963737488
1649556737.4956138,arm,-0.01840776950120926,-0.25617480278015137,0.2853204309940338,0.08130098134279251,1.5769323110580444,-0.18100973963737488
1649556737.5156112,arm,-0.01840776950120926,-0.2577087879180908,0.2883884012699127,0.08130098134279251,1.5769323110580444,-0.18100973963737488
1649556737.535629,arm,-0.01840776950120926,-0.25617480278015137,0.2929903268814087,0.08130098134279251,1.5769323110580444,-0.18100973963737488
1649556737.5556278,arm,-0.01840776950120926,-0.25617480278015137,0.29759228229522705,0.08130098134279251,1.5769323110580444,-0.18100973963737488
1649556737.575697,arm,-0.01840776950120926,-0.25617480278015137,0.30066025257110596,0.08130098134279251,1.5769323110580444,-0.18100973963737488
1649556737.595598,arm,-0.01840776950120926,-0.25617480278015137,0.30526217818260193,0.08130098134279251,1.5769323110580444,-0.18100973963737488
1649556737.6156528,arm,-0.01840776950120926,-0.25617480278015137,0.3098641335964203,0.08130098134279251,1.5769323110580444,-0.18100973963737488
1649556737.6355731,arm,-0.01840776950120926,-0.25617480278015137,0.31446605920791626,0.08130098134279251,1.5769323110580444,-0.18100973963737488
1649556737.655697,arm,-0.01840776950120926,-0.2577087879180908,0.3206019997596741,0.08130098134279251,1.5769323110580444,-0.18100973963737488
1649556737.6755278,arm,-0.01840776950120926,-0.2577087879180908,0.323669970035553,0.08130098134279251,1.5769323110580444,-0.18100973963737488
1649556737.6957417,arm,-0.01840776950120926,-0.25617480278015137,0.3267379105091095,0.08130098134279251,1.5769323110580444,-0.18100973963737488
1649556737.7155583,arm,-0.01840776950120926,-0.25617480278015137,0.32827189564704895,0.08130098134279251,1.5769323110580444,-0.18100973963737488
1649556737.7356348,arm,-0.019941750913858414,-0.25617480278015137,0.32827189564704895,0.08130098134279251,1.5769323110580444,-0.18100973963737488
1649556737.7556167,arm,-0.019941750913858414,-0.25617480278015137,0.32827189564704895,0.08130098134279251,1.5769323110580444,-0.18100973963737488
1649556737.775572,arm,-0.02147573232650757,-0.25617480278015137,0.323669970035553,0.08130098134279251,1.5769323110580444,-0.18100973963737488
1649556737.7957199,arm,-0.02454369328916073,-0.25617480278015137,0.3190680146217346,0.08130098134279251,1.5769323110580444,-0.18100973963737488
1649556737.8156307,arm,-0.02761165425181389,-0.25617480278015137,0.31446605920791626,0.08130098134279251,1.5769323110580444,-0.18100973963737488
1649556737.8355916,arm,-0.030679617077112198,-0.25617480278015137,0.30833014845848083,0.08130098134279251,1.5769323110580444,-0.18100973963737488
1649556737.8556428,arm,-0.03221359848976135,-0.25617480278015137,0.3021942377090454,0.08130098134279251,1.5769323110580444,-0.18100973963737488
1649556737.8755774,arm,-0.03374757990241051,-0.25617480278015137,0.2929903268814087,0.08130098134279251,1.5769323110580444,-0.18100973963737488
1649556737.8956265,arm,-0.03374757990241051,-0.25617480278015137,0.28378644585609436,0.08130098134279251,1.5769323110580444,-0.18100973963737488
1649556737.9155893,arm,-0.03374757990241051,-0.2577087879180908,0.27458256483078003,0.08130098134279251,1.5769323110580444,-0.18100973963737488
1649556737.9355912,arm,-0.03374757990241051,-0.2577087879180908,0.2623107135295868,0.08130098134279251,1.5784662961959839,-0.18100973963737488
1649556737.9555974,arm,-0.03374757990241051,-0.2577087879180908,0.251572847366333,0.08130098134279251,1.5769323110580444,-0.18100973963737488
1649556737.9756382,arm,-0.03221359848976135,-0.2577087879180908,0.23930101096630096,0.08130098134279251,1.5769323110580444,-0.18100973963737488
1649556737.9957209,arm,-0.03374757990241051,-0.2592427730560303,0.22702915966510773,0.08130098134279251,1.5769323110580444,-0.18100973963737488
1649556738.0155709,arm,-0.03374757990241051,-0.2592427730560303,0.2178252786397934,0.08130098134279251,1.5769323110580444,-0.18100973963737488
1649556738.0356145,arm,-0.03374757990241051,-0.2592427730560303,0.20862139761447906,0.08130098134279251,1.5769323110580444,-0.18100973963737488
1649556738.0556254,arm,-0.03374757990241051,-0.2592427730560303,0.200951486825943,0.08130098134279251,1.5769323110580444,-0.18100973963737488
1649556738.075622,arm,-0.03374757990241051,-0.2592427730560303,0.19634954631328583,0.08130098134279251,1.5769323110580444,-0.18100973963737488
1649556738.0955536,arm,-0.03374757990241051,-0.2592427730560303,0.19174760580062866,0.08283496648073196,1.5769323110580444,-0.18100973963737488
1649556738.1155016,arm,-0.03374757990241051,-0.2577087879180908,0.18867963552474976,0.08436894416809082,1.5769323110580444,-0.18100973963737488
1649556738.135588,arm,-0.03374757990241051,-0.25617480278015137,0.1871456652879715,0.08130098134279251,1.5769323110580444,-0.18100973963737488
1649556738.1555822,arm,-0.03374757990241051,-0.2546408176422119,0.1871456652879715,0.08130098134279251,1.5769323110580444,-0.18100973963737488
1649556738.1756055,arm,-0.03374757990241051,-0.25310683250427246,0.18867963552474976,0.0782330259680748,1.5769323110580444,-0.18100973963737488
1649556738.1956563,arm,-0.03374757990241051,-0.2546408176422119,0.19174760580062866,0.0782330259680748,1.5769323110580444,-0.18100973963737488
1649556738.2155738,arm,-0.03374757990241051,-0.2546408176422119,0.19481556117534637,0.0782330259680748,1.5784662961959839,-0.18100973963737488
1649556738.2356954,arm,-0.03374757990241051,-0.2577087879180908,0.19941750168800354,0.0782330259680748,1.5769323110580444,-0.18100973963737488
1649556738.2555666,arm,-0.03374757990241051,-0.2592427730560303,0.2040194571018219,0.0782330259680748,1.5769323110580444,-0.18100973963737488
1649556738.2756047,arm,-0.03374757990241051,-0.26077672839164734,0.20862139761447906,0.07669904083013535,1.5769323110580444,-0.18100973963737488
1649556738.2955875,arm,-0.03374757990241051,-0.2623107135295868,0.21475732326507568,0.0782330259680748,1.5769323110580444,-0.18100973963737488
1649556738.3156233,arm,-0.03374757990241051,-0.26384469866752625,0.21935926377773285,0.07669904083013535,1.5769323110580444,-0.18100973963737488
1649556738.3356335,arm,-0.03374757990241051,-0.26691266894340515,0.22549518942832947,0.07669904083013535,1.5769323110580444,-0.18100973963737488
1649556738.3555887,arm,-0.03374757990241051,-0.26691266894340515,0.23009712994098663,0.07516506314277649,1.5769323110580444,-0.18100973963737488
1649556738.375621,arm,-0.03374757990241051,-0.2684466540813446,0.23623304069042206,0.07363107800483704,1.5769323110580444,-0.18100973963737488
1649556738.395511,arm,-0.03221359848976135,-0.2684466540813446,0.24236896634101868,0.07209710031747818,1.5769323110580444,-0.18100973963737488
1649556738.4156117,arm,-0.029145635664463043,-0.2684466540813446,0.251572847366333,0.07056311517953873,1.5769323110580444,-0.18100973963737488
1649556738.4356384,arm,-0.02454369328916073,-0.2715145945549011,0.26077672839164734,0.06749515980482101,1.5769323110580444,-0.18100973963737488
1649556738.4555345,arm,-0.01840776950120926,-0.2715145945549011,0.2684466540813446,0.06596117466688156,1.5769323110580444,-0.18100973963737488
1649556738.4756145,arm,-0.012271846644580364,-0.2715145945549011,0.27765053510665894,0.0644271969795227,1.5769323110580444,-0.18100973963737488
1649556738.4956272,arm,-0.00920388475060463,-0.2684466540813446,0.28685441613197327,0.06289321184158325,1.5769323110580444,-0.18100973963737488
1649556738.5156286,arm,-0.004601942375302315,-0.2684466540813446,0.2960582971572876,0.061359234154224396,1.5769323110580444,-0.18100973963737488
1649556738.5356011,arm,-0.0015339808305725455,-0.2684466540813446,0.30526217818260193,0.05982525274157524,1.5769323110580444,-0.18100973963737488
1649556738.5555394,arm,0.003067961661145091,-0.2684466540813446,0.31139811873435974,0.05675728991627693,1.5769323110580444,-0.18100973963737488
1649556738.575637,arm,0.006135923322290182,-0.2684466540813446,0.31753402948379517,0.05522330850362778,1.5769323110580444,-0.18100973963737488
1649556738.5956316,arm,0.00920388475060463,-0.2684466540813446,0.3206019997596741,0.05368933081626892,1.5769323110580444,-0.18100973963737488
1649556738.615708,arm,0.012271846644580364,-0.2684466540813446,0.323669970035553,0.05062136799097061,1.5769323110580444,-0.18100973963737488
1649556738.635596,arm,0.01840776950120926,-0.2715145945549011,0.323669970035553,0.05062136799097061,1.5769323110580444,-0.18100973963737488
1649556738.6556032,arm,0.019941750913858414,-0.2715145945549011,0.3221359848976135,0.0475534051656723,1.5769323110580444,-0.18100973963737488
1649556738.6757233,arm,0.02454369328916073,-0.2715145945549011,0.3221359848976135,0.04448544234037399,1.5769323110580444,-0.18100973963737488
1649556738.6956875,arm,0.029145635664463043,-0.2730485796928406,0.3190680146217346,0.04295146465301514,1.5769323110580444,-0.18100973963737488
1649556738.715559,arm,0.03221359848976135,-0.2730485796928406,0.31446605920791626,0.04141748324036598,1.5769323110580444,-0.18100973963737488
1649556738.7355702,arm,0.03681553900241852,-0.2715145945549011,0.30833014845848083,0.03988350182771683,1.5769323110580444,-0.18100973963737488
1649556738.7556317,arm,0.04141748324036598,-0.2715145945549011,0.3021942377090454,0.03834952041506767,1.5769323110580444,-0.18100973963737488
1649556738.775737,arm,0.04448544234037399,-0.2715145945549011,0.2960582971572876,0.03681553900241852,1.5769323110580444,-0.18100973963737488
1649556738.795556,arm,0.0475534051656723,-0.2715145945549011,0.2883884012699127,0.03374757990241051,1.5769323110580444,-0.18100973963737488
1649556738.815621,arm,0.05062136799097061,-0.2715145945549011,0.28071850538253784,0.03221359848976135,1.5769323110580444,-0.18100973963737488
1649556738.8356917,arm,0.05368933081626892,-0.2715145945549011,0.27458256483078003,0.03221359848976135,1.5784662961959839,-0.18100973963737488
1649556738.8555825,arm,0.05675728991627693,-0.2715145945549011,0.2653786838054657,0.03221359848976135,1.5769323110580444,-0.18100973963737488
1649556738.8757288,arm,0.05675728991627693,-0.2715145945549011,0.2577087879180908,0.03221359848976135,1.5769323110580444,-0.18100973963737488
1649556738.8955777,arm,0.05675728991627693,-0.2715145945549011,0.251572847366333,0.030679617077112198,1.5769323110580444,-0.18100973963737488
1649556738.9155457,arm,0.05675728991627693,-0.2715145945549011,0.24083499610424042,0.030679617077112198,1.5784662961959839,-0.18100973963737488
1649556738.935585,arm,0.05675728991627693,-0.2715145945549011,0.2346990704536438,0.03221359848976135,1.5769323110580444,-0.18100973963737488
1649556738.9555655,arm,0.05675728991627693,-0.2715145945549011,0.22702915966510773,0.030679617077112198,1.5769323110580444,-0.18100973963737488
1649556738.9756544,arm,0.05675728991627693,-0.2715145945549011,0.2208932340145111,0.030679617077112198,1.5769323110580444,-0.18100973963737488
1649556738.9955993,arm,0.05675728991627693,-0.2715145945549011,0.21629129350185394,0.030679617077112198,1.5769323110580444,-0.18100973963737488
1649556739.0156102,arm,0.05675728991627693,-0.2730485796928406,0.21168935298919678,0.03221359848976135,1.5769323110580444,-0.18100973963737488
1649556739.0355377,arm,0.05675728991627693,-0.2715145945549011,0.20862139761447906,0.030679617077112198,1.5769323110580444,-0.18100973963737488
1649556739.0555892,arm,0.05522330850362778,-0.2684466540813446,0.20555342733860016,0.030679617077112198,1.5769323110580444,-0.18100973963737488
1649556739.0756257,arm,0.05368933081626892,-0.2653786838054657,0.20248547196388245,0.030679617077112198,1.5784662961959839,-0.18100973963737488
1649556739.0957053,arm,0.05368933081626892,-0.26384469866752625,0.200951486825943,0.029145635664463043,1.5769323110580444,-0.18100973963737488
1649556739.1156423,arm,0.052155349403619766,-0.2623107135295868,0.19941750168800354,0.029145635664463043,1.5769323110580444,-0.18100973963737488
1649556739.1356294,arm,0.052155349403619766,-0.2592427730560303,0.19941750168800354,0.02761165425181389,1.5769323110580444,-0.18100973963737488
1649556739.1555927,arm,0.052155349403619766,-0.2577087879180908,0.19941750168800354,0.02761165425181389,1.5769323110580444,-0.18100973963737488
1649556739.1755543,arm,0.052155349403619766,-0.25617480278015137,0.200951486825943,0.02761165425181389,1.5769323110580444,-0.18100973963737488
1649556739.1956058,arm,0.052155349403619766,-0.25617480278015137,0.20248547196388245,0.02761165425181389,1.5769323110580444,-0.18100973963737488
1649556739.2156007,arm,0.05062136799097061,-0.2577087879180908,0.20555342733860016,0.02761165425181389,1.5769323110580444,-0.18100973963737488
1649556739.2356062,arm,0.05062136799097061,-0.2577087879180908,0.2070874124765396,0.02761165425181389,1.5769323110580444,-0.18100973963737488
1649556739.2556117,arm,0.05062136799097061,-0.2577087879180908,0.2070874124765396,0.029145635664463043,1.5769323110580444,-0.18100973963737488
1649556739.2755673,arm,0.04908738657832146,-0.25617480278015137,0.2070874124765396,0.03221359848976135,1.5769323110580444,-0.18100973963737488
1649556739.2956245,arm,0.04601942375302315,-0.25310683250427246,0.20555342733860016,0.03221359848976135,1.5769323110580444,-0.18100973963737488
1649556739.3155851,arm,0.04141748324036598,-0.25310683250427246,0.2040194571018219,0.02761165425181389,1.5769323110580444,-0.18100973963737488
1649556739.3356295,arm,0.03681553900241852,-0.251572847366333,0.20248547196388245,0.026077674701809883,1.5769323110580444,-0.18100973963737488
1649556739.3555913,arm,0.03528155758976936,-0.251572847366333,0.19941750168800354,0.023009711876511574,1.5769323110580444,-0.18100973963737488
1649556739.3755977,arm,0.03528155758976936,-0.25310683250427246,0.19788353145122528,0.023009711876511574,1.5784662961959839,-0.18100973963737488
1649556739.395557,arm,0.03528155758976936,-0.2546408176422119,0.19634954631328583,0.019941750913858414,1.5769323110580444,-0.18100973963737488
1649556739.415593,arm,0.03528155758976936,-0.2546408176422119,0.19481556117534637,0.019941750913858414,1.5769323110580444,-0.18100973963737488
1649556739.4355614,arm,0.03528155758976936,-0.2546408176422119,0.19174760580062866,0.01840776950120926,1.5784662961959839,-0.18100973963737488
1649556739.4555972,arm,0.03528155758976936,-0.25617480278015137,0.1902136206626892,0.016873789951205254,1.5769323110580444,-0.18100973963737488
1649556739.4755974,arm,0.03528155758976936,-0.25617480278015137,0.1902136206626892,0.015339808538556099,1.5769323110580444,-0.18100973963737488
1649556739.4955726,arm,0.03374757990241051,-0.2546408176422119,0.1902136206626892,0.015339808538556099,1.5769323110580444,-0.18100973963737488
1649556739.5156252,arm,0.03374757990241051,-0.2546408176422119,0.19174760580062866,0.013805827125906944,1.5769323110580444,-0.18100973963737488
1649556739.5356085,arm,0.03221359848976135,-0.25617480278015137,0.1902136206626892,0.013805827125906944,1.5769323110580444,-0.18100973963737488
1649556739.5556273,arm,0.03221359848976135,-0.25617480278015137,0.18867963552474976,0.012271846644580364,1.5769323110580444,-0.18100973963737488
1649556739.5757225,arm,0.030679617077112198,-0.25617480278015137,0.18867963552474976,0.012271846644580364,1.5769323110580444,-0.18100973963737488
1649556739.5955815,arm,0.030679617077112198,-0.25617480278015137,0.18867963552474976,0.010737866163253784,1.5784662961959839,-0.18100973963737488
1649556739.615544,arm,0.030679617077112198,-0.25617480278015137,0.1902136206626892,0.00920388475060463,1.5769323110580444,-0.18100973963737488
1649556739.6356013,arm,0.029145635664463043,-0.25617480278015137,0.1902136206626892,0.0076699042692780495,1.5769323110580444,-0.18100973963737488
1649556739.6556344,arm,0.02761165425181389,-0.25617480278015137,0.19328159093856812,0.006135923322290182,1.5769323110580444,-0.18100973963737488
1649556739.675682,arm,0.02761165425181389,-0.25617480278015137,0.19481556117534637,0.004601942375302315,1.5769323110580444,-0.18100973963737488
1649556739.6955652,arm,0.02761165425181389,-0.25617480278015137,0.19634954631328583,0.0015339808305725455,1.5769323110580444,-0.18100973963737488
1649556739.715652,arm,0.02761165425181389,-0.25617480278015137,0.19941750168800354,0.0,1.5769323110580444,-0.18100973963737488
1649556739.7355201,arm,0.02761165425181389,-0.25617480278015137,0.19941750168800354,-0.003067961661145091,1.5769323110580444,-0.18100973963737488
1649556739.7555947,arm,0.02761165425181389,-0.2546408176422119,0.200951486825943,-0.006135923322290182,1.5769323110580444,-0.18100973963737488
1649556739.7755854,arm,0.02761165425181389,-0.2546408176422119,0.20248547196388245,-0.00920388475060463,1.5769323110580444,-0.18100973963737488
1649556739.7955854,arm,0.02761165425181389,-0.25617480278015137,0.200951486825943,-0.012271846644580364,1.5784662961959839,-0.18100973963737488
1649556739.8155792,arm,0.02761165425181389,-0.25617480278015137,0.200951486825943,-0.016873789951205254,1.5769323110580444,-0.18100973963737488
1649556739.8356144,arm,0.02761165425181389,-0.25617480278015137,0.19788353145122528,-0.019941750913858414,1.5784662961959839,-0.18100973963737488
1649556739.8555593,arm,0.029145635664463043,-0.25617480278015137,0.19328159093856812,-0.02147573232650757,1.5784662961959839,-0.18100973963737488
1649556739.8756123,arm,0.029145635664463043,-0.25617480278015137,0.1902136206626892,-0.02454369328916073,1.5769323110580444,-0.18100973963737488
1649556739.8956194,arm,0.029145635664463043,-0.25617480278015137,0.1871456652879715,-0.026077674701809883,1.5784662961959839,-0.18100973963737488
1649556739.915649,arm,0.029145635664463043,-0.25617480278015137,0.18254372477531433,-0.02761165425181389,1.5784662961959839,-0.18100973963737488
1649556739.9356272,arm,0.02761165425181389,-0.25617480278015137,0.17794176936149597,-0.030679617077112198,1.5800002813339233,-0.18100973963737488
1649556739.955613,arm,0.029145635664463043,-0.25617480278015137,0.1733398288488388,-0.030679617077112198,1.5830682516098022,-0.18100973963737488
1649556739.9756017,arm,0.02761165425181389,-0.25617480278015137,0.1702718734741211,-0.03374757990241051,1.5830682516098022,-0.18100973963737488
1649556739.9956288,arm,0.029145635664463043,-0.25617480278015137,0.16566993296146393,-0.03528155758976936,1.5830682516098022,-0.18100973963737488
1649556740.0156446,arm,0.029145635664463043,-0.25617480278015137,0.16106799244880676,-0.03681553900241852,1.5846022367477417,-0.18100973963737488
1649556740.0355954,arm,0.029145635664463043,-0.25617480278015137,0.15800002217292786,-0.03988350182771683,1.5846022367477417,-0.18100973963737488
1649556740.0557115,arm,0.029145635664463043,-0.25617480278015137,0.15493206679821014,-0.04295146465301514,1.5830682516098022,-0.18100973963737488
1649556740.0755923,arm,0.029145635664463043,-0.25617480278015137,0.1533980816602707,-0.04601942375302315,1.5846022367477417,-0.18100973963737488
1649556740.0955794,arm,0.029145635664463043,-0.25617480278015137,0.1533980816602707,-0.052155349403619766,1.5846022367477417,-0.18100973963737488
1649556740.1155775,arm,0.02761165425181389,-0.25617480278015137,0.15186409652233124,-0.05522330850362778,1.5846022367477417,-0.18100973963737488
1649556740.1356144,arm,0.02761165425181389,-0.25617480278015137,0.15033012628555298,-0.058291271328926086,1.5846022367477417,-0.18100973963737488
1649556740.1555636,arm,0.02761165425181389,-0.2577087879180908,0.15033012628555298,-0.06289321184158325,1.5861362218856812,-0.18100973963737488
1649556740.1755762,arm,0.02761165425181389,-0.2577087879180908,0.14879614114761353,-0.06596117466688156,1.5876702070236206,-0.18100973963737488
1649556740.1955993,arm,0.02761165425181389,-0.2577087879180908,0.14879614114761353,-0.06902913749217987,1.5907381772994995,-0.18100973963737488
1649556740.2156394,arm,0.02761165425181389,-0.2577087879180908,0.15033012628555298,-0.07209710031747818,1.5922720432281494,-0.18100973963737488
1649556740.2356553,arm,0.02761165425181389,-0.2592427730560303,0.15186409652233124,-0.07516506314277649,1.5953400135040283,-0.18100973963737488
1649556740.2555742,arm,0.02761165425181389,-0.2577087879180908,0.1533980816602707,-0.07669904083013535,1.5984079837799072,-0.18100973963737488
1649556740.2755637,arm,0.02761165425181389,-0.2577087879180908,0.15493206679821014,-0.07669904083013535,1.6014759540557861,-0.18100973963737488
1649556740.2956488,arm,0.029145635664463043,-0.2577087879180908,0.1564660519361496,-0.07363107800483704,1.6060779094696045,-0.18100973963737488
1649556740.3155735,arm,0.029145635664463043,-0.2577087879180908,0.15800002217292786,-0.07363107800483704,1.6091458797454834,-0.18100973963737488
1649556740.3356085,arm,0.030679617077112198,-0.2577087879180908,0.1595340073108673,-0.07209710031747818,1.6137478351593018,-0.18100973963737488
1649556740.355618,arm,0.030679617077112198,-0.2577087879180908,0.15800002217292786,-0.07209710031747818,1.6183497905731201,-0.18100973963737488
1649556740.3755682,arm,0.030679617077112198,-0.2592427730560303,0.1564660519361496,-0.07056311517953873,1.6229517459869385,-0.18100973963737488
1649556740.3955874,arm,0.030679617077112198,-0.2592427730560303,0.15493206679821014,-0.07056311517953873,1.6275537014007568,-0.18100973963737488
1649556740.4155474,arm,0.030679617077112198,-0.26077672839164734,0.1533980816602707,-0.06902913749217987,1.6321556568145752,-0.18100973963737488
1649556740.4356942,arm,0.030679617077112198,-0.2623107135295868,0.15186409652233124,-0.06902913749217987,1.639825463294983,-0.18100973963737488
1649556740.455589,arm,0.030679617077112198,-0.2623107135295868,0.15033012628555298,-0.06749515980482101,1.6444274187088013,-0.18100973963737488
1649556740.4757204,arm,0.030679617077112198,-0.26384469866752625,0.14879614114761353,-0.06749515980482101,1.650563359260559,-0.18100973963737488
1649556740.4957285,arm,0.029145635664463043,-0.26384469866752625,0.1457281857728958,-0.06596117466688156,1.6551653146743774,-0.18100973963737488
1649556740.515514,arm,0.02761165425181389,-0.26384469866752625,0.1457281857728958,-0.06596117466688156,1.6628352403640747,-0.18100973963737488
1649556740.5357077,arm,0.02761165425181389,-0.26384469866752625,0.1457281857728958,-0.0644271969795227,1.6659032106399536,-0.18100973963737488
1649556740.5556512,arm,0.02761165425181389,-0.26384469866752625,0.1457281857728958,-0.06289321184158325,1.6689711809158325,-0.18100973963737488
1649556740.5757062,arm,0.02761165425181389,-0.26384469866752625,0.14879614114761353,-0.06289321184158325,1.6689711809158325,-0.18100973963737488
1649556740.5955749,arm,0.02761165425181389,-0.26384469866752625,0.14879614114761353,-0.061359234154224396,1.6689711809158325,-0.18100973963737488
1649556740.615743,arm,0.026077674701809883,-0.26384469866752625,0.15033012628555298,-0.061359234154224396,1.6689711809158325,-0.18100973963737488
1649556740.635713,arm,0.02454369328916073,-0.26384469866752625,0.15186409652233124,-0.05982525274157524,1.6689711809158325,-0.18100973963737488
1649556740.6556058,arm,0.023009711876511574,-0.26384469866752625,0.15186409652233124,-0.05982525274157524,1.6689711809158325,-0.18100973963737488
1649556740.6755748,arm,0.019941750913858414,-0.26384469866752625,0.15033012628555298,-0.05982525274157524,1.6689711809158325,-0.18100973963737488
1649556740.6955953,arm,0.01840776950120926,-0.26384469866752625,0.15186409652233124,-0.05982525274157524,1.6689711809158325,-0.18100973963737488
1649556740.715713,arm,0.013805827125906944,-0.26384469866752625,0.15033012628555298,-0.05982525274157524,1.6689711809158325,-0.18100973963737488
1649556740.735711,arm,0.00920388475060463,-0.26384469866752625,0.15033012628555298,-0.05982525274157524,1.6689711809158325,-0.18100973963737488
1649556740.7555876,arm,0.006135923322290182,-0.26384469866752625,0.14879614114761353,-0.05982525274157524,1.670505166053772,-0.18100973963737488
1649556740.7755802,arm,0.0015339808305725455,-0.26384469866752625,0.1457281857728958,-0.05982525274157524,1.6751071214675903,-0.18100973963737488
1649556740.7955573,arm,0.0,-0.26384469866752625,0.14419420063495636,-0.05982525274157524,1.6751071214675903,-0.18100973963737488
1649556740.8156128,arm,-0.003067961661145091,-0.26384469866752625,0.1426602154970169,-0.05982525274157524,1.6751071214675903,-0.18100973963737488
1649556740.8356833,arm,-0.004601942375302315,-0.2653786838054657,0.1426602154970169,-0.05982525274157524,1.6751071214675903,-0.18100973963737488
1649556740.8557377,arm,-0.006135923322290182,-0.26691266894340515,0.1426602154970169,-0.05982525274157524,1.6751071214675903,-0.18100973963737488
1649556740.875634,arm,-0.0076699042692780495,-0.2684466540813446,0.14112623035907745,-0.05982525274157524,1.6751071214675903,-0.18100973963737488
1649556740.8956459,arm,-0.0076699042692780495,-0.2684466540813446,0.1426602154970169,-0.061359234154224396,1.6751071214675903,-0.18100973963737488
1649556740.9155562,arm,-0.00920388475060463,-0.2715145945549011,0.14112623035907745,-0.06289321184158325,1.6751071214675903,-0.18100973963737488
1649556740.9356332,arm,-0.00920388475060463,-0.27458256483078003,0.1426602154970169,-0.06289321184158325,1.6751071214675903,-0.18100973963737488
1649556740.955636,arm,-0.010737866163253784,-0.27458256483078003,0.14112623035907745,-0.061359234154224396,1.6751071214675903,-0.18100973963737488
1649556740.975582,arm,-0.010737866163253784,-0.27765053510665894,0.1426602154970169,-0.061359234154224396,1.6751071214675903,-0.18100973963737488
1649556740.9956126,arm,-0.010737866163253784,-0.2791845202445984,0.14112623035907745,-0.061359234154224396,1.6751071214675903,-0.18100973963737488
1649556741.0157158,arm,-0.010737866163253784,-0.28071850538253784,0.14112623035907745,-0.06289321184158325,1.6751071214675903,-0.18100973963737488
1649556741.035603,arm,-0.00920388475060463,-0.28071850538253784,0.14112623035907745,-0.061359234154224396,1.6751071214675903,-0.18100973963737488
1649556741.0555599,arm,-0.0076699042692780495,-0.2822524607181549,0.14112623035907745,-0.061359234154224396,1.6751071214675903,-0.18100973963737488
1649556741.0755525,arm,-0.0076699042692780495,-0.2822524607181549,0.14112623035907745,-0.061359234154224396,1.6751071214675903,-0.18100973963737488
1649556741.095638,arm,-0.006135923322290182,-0.28071850538253784,0.14112623035907745,-0.061359234154224396,1.6751071214675903,-0.18100973963737488
1649556741.115578,arm,-0.006135923322290182,-0.28071850538253784,0.1426602154970169,-0.05982525274157524,1.6751071214675903,-0.18100973963737488
1649556741.1355653,arm,-0.006135923322290182,-0.2822524607181549,0.1426602154970169,-0.05982525274157524,1.6751071214675903,-0.18100973963737488
1649556741.1555562,arm,-0.006135923322290182,-0.2822524607181549,0.1457281857728958,-0.061359234154224396,1.6751071214675903,-0.18100973963737488
1649556741.1755915,arm,-0.006135923322290182,-0.2822524607181549,0.14879614114761353,-0.061359234154224396,1.6751071214675903,-0.18100973963737488
1649556741.1956,arm,-0.006135923322290182,-0.2822524607181549,0.15033012628555298,-0.06289321184158325,1.6751071214675903,-0.18100973963737488
1649556741.2155302,arm,-0.006135923322290182,-0.2822524607181549,0.15033012628555298,-0.06289321184158325,1.6751071214675903,-0.18100973963737488
1649556741.2356224,arm,-0.006135923322290182,-0.2822524607181549,0.15186409652233124,-0.06289321184158325,1.6751071214675903,-0.18100973963737488
1649556741.2556114,arm,-0.006135923322290182,-0.2822524607181549,0.1533980816602707,-0.06289321184158325,1.6766411066055298,-0.18100973963737488
1649556741.2755966,arm,-0.006135923322290182,-0.2822524607181549,0.1533980816602707,-0.06289321184158325,1.6751071214675903,-0.18100973963737488
1649556741.2955909,arm,-0.006135923322290182,-0.2822524607181549,0.15493206679821014,-0.06289321184158325,1.6751071214675903,-0.18100973963737488
1649556741.3155756,arm,-0.004601942375302315,-0.2822524607181549,0.1533980816602707,-0.061359234154224396,1.6751071214675903,-0.18100973963737488
1649556741.3356311,arm,-0.004601942375302315,-0.2822524607181549,0.15493206679821014,-0.061359234154224396,1.6751071214675903,-0.18100973963737488
1649556741.3556154,arm,-0.004601942375302315,-0.2822524607181549,0.15493206679821014,-0.061359234154224396,1.6751071214675903,-0.18100973963737488
1649556741.3756542,arm,-0.004601942375302315,-0.28071850538253784,0.15493206679821014,-0.061359234154224396,1.6751071214675903,-0.18100973963737488
1649556741.3955872,arm,-0.003067961661145091,-0.2822524607181549,0.15493206679821014,-0.06289321184158325,1.6751071214675903,-0.18100973963737488
1649556741.41565,arm,-0.003067961661145091,-0.2822524607181549,0.15493206679821014,-0.06289321184158325,1.6751071214675903,-0.18100973963737488
1649556741.4356532,arm,-0.003067961661145091,-0.2822524607181549,0.15493206679821014,-0.0644271969795227,1.6751071214675903,-0.18100973963737488
1649556741.4556046,arm,-0.003067961661145091,-0.2822524607181549,0.15493206679821014,-0.0644271969795227,1.6751071214675903,-0.18100973963737488
1649556741.47559,arm,-0.0015339808305725455,-0.2822524607181549,0.15493206679821014,-0.0644271969795227,1.6751071214675903,-0.18100973963737488
1649556741.4956968,arm,-0.003067961661145091,-0.28071850538253784,0.15493206679821014,-0.0644271969795227,1.6751071214675903,-0.18100973963737488
1649556741.5155697,arm,-0.003067961661145091,-0.28071850538253784,0.1564660519361496,-0.0644271969795227,1.6751071214675903,-0.18100973963737488
1649556741.535603,arm,-0.0015339808305725455,-0.28071850538253784,0.1564660519361496,-0.06289321184158325,1.6751071214675903,-0.18100973963737488
1649556741.555601,arm,-0.0015339808305725455,-0.28071850538253784,0.1564660519361496,-0.06289321184158325,1.6751071214675903,-0.18100973963737488
1649556741.5756302,arm,-0.003067961661145091,-0.2791845202445984,0.15800002217292786,-0.061359234154224396,1.6751071214675903,-0.18100973963737488
1649556741.5955765,arm,-0.0015339808305725455,-0.2791845202445984,0.15800002217292786,-0.06289321184158325,1.6751071214675903,-0.18100973963737488
1649556741.6155994,arm,-0.0015339808305725455,-0.2791845202445984,0.1595340073108673,-0.06289321184158325,1.6751071214675903,-0.18100973963737488
1649556741.6356876,arm,-0.003067961661145091,-0.2791845202445984,0.16106799244880676,-0.06289321184158325,1.6751071214675903,-0.18100973963737488
1649556741.655653,arm,-0.0015339808305725455,-0.2791845202445984,0.16260196268558502,-0.061359234154224396,1.6751071214675903,-0.18100973963737488
1649556741.675588,arm,-0.0015339808305725455,-0.2791845202445984,0.16566993296146393,-0.05982525274157524,1.6751071214675903,-0.18100973963737488
1649556741.6957157,arm,-0.003067961661145091,-0.2791845202445984,0.16873788833618164,-0.05982525274157524,1.6751071214675903,-0.18100973963737488
1649556741.7155838,arm,-0.0015339808305725455,-0.2791845202445984,0.17180585861206055,-0.05982525274157524,1.6751071214675903,-0.18100973963737488
1649556741.7355344,arm,-0.0015339808305725455,-0.2791845202445984,0.1764077991247177,-0.061359234154224396,1.6751071214675903,-0.18100973963737488
1649556741.755556,arm,-0.0015339808305725455,-0.2791845202445984,0.17947575449943542,-0.061359234154224396,1.6751071214675903,-0.18100973963737488
1649556741.77563,arm,-0.0015339808305725455,-0.2791845202445984,0.18254372477531433,-0.06289321184158325,1.6751071214675903,-0.18100973963737488
1649556741.7955086,arm,-0.0015339808305725455,-0.2791845202445984,0.1840776950120926,-0.06289321184158325,1.6751071214675903,-0.18100973963737488
1649556741.815567,arm,-0.0015339808305725455,-0.2791845202445984,0.18561168015003204,-0.06289321184158325,1.6751071214675903,-0.18100973963737488
1649556741.8355942,arm,0.0,-0.2791845202445984,0.18561168015003204,-0.06289321184158325,1.6751071214675903,-0.18100973963737488
1649556741.8555784,arm,0.0,-0.27765053510665894,0.18561168015003204,-0.06289321184158325,1.6751071214675903,-0.18100973963737488
1649556741.875603,arm,0.003067961661145091,-0.2761165499687195,0.18254372477531433,-0.061359234154224396,1.6751071214675903,-0.18100973963737488
1649556741.8955884,arm,0.004601942375302315,-0.2761165499687195,0.17947575449943542,-0.05982525274157524,1.6751071214675903,-0.18100973963737488
1649556741.9159377,arm,0.0076699042692780495,-0.27458256483078003,0.17947575449943542,-0.05982525274157524,1.6751071214675903,-0.18100973963737488
1649556741.9356215,arm,0.0076699042692780495,-0.27458256483078003,0.17794176936149597,-0.05982525274157524,1.6751071214675903,-0.18100973963737488
1649556741.9555924,arm,0.0076699042692780495,-0.2761165499687195,0.17794176936149597,-0.05982525274157524,1.6751071214675903,-0.18100973963737488
1649556741.9757051,arm,0.00920388475060463,-0.27458256483078003,0.17794176936149597,-0.05982525274157524,1.6751071214675903,-0.18100973963737488
1649556741.9955812,arm,0.00920388475060463,-0.27458256483078003,0.17794176936149597,-0.05982525274157524,1.6751071214675903,-0.18100973963737488
1649556742.0155609,arm,0.00920388475060463,-0.2761165499687195,0.17947575449943542,-0.058291271328926086,1.6751071214675903,-0.18100973963737488
1649556742.0356388,arm,0.00920388475060463,-0.27458256483078003,0.17947575449943542,-0.058291271328926086,1.6751071214675903,-0.18100973963737488
1649556742.0555732,arm,0.00920388475060463,-0.27458256483078003,0.18100973963737488,-0.05982525274157524,1.6751071214675903,-0.18100973963737488
1649556742.0756052,arm,0.010737866163253784,-0.27458256483078003,0.18254372477531433,-0.05982525274157524,1.6751071214675903,-0.18100973963737488
1649556742.0955021,arm,0.010737866163253784,-0.27458256483078003,0.1840776950120926,-0.058291271328926086,1.6751071214675903,-0.18100973963737488
1649556742.1155684,arm,0.012271846644580364,-0.2761165499687195,0.1840776950120926,-0.058291271328926086,1.6751071214675903,-0.18100973963737488
1649556742.135502,arm,0.012271846644580364,-0.27458256483078003,0.1840776950120926,-0.058291271328926086,1.6751071214675903,-0.18100973963737488
1649556742.1555579,arm,0.012271846644580364,-0.27458256483078003,0.18254372477531433,-0.058291271328926086,1.6751071214675903,-0.18100973963737488
1649556742.1756182,arm,0.012271846644580364,-0.27458256483078003,0.17947575449943542,-0.05982525274157524,1.6751071214675903,-0.18100973963737488
1649556742.1955938,arm,0.012271846644580364,-0.27458256483078003,0.17794176936149597,-0.061359234154224396,1.6751071214675903,-0.18100973963737488
1649556742.2155771,arm,0.012271846644580364,-0.27458256483078003,0.1764077991247177,-0.061359234154224396,1.6751071214675903,-0.18100973963737488
1649556742.2356203,arm,0.012271846644580364,-0.27458256483078003,0.17487381398677826,-0.061359234154224396,1.6751071214675903,-0.18100973963737488
1649556742.2555852,arm,0.012271846644580364,-0.27458256483078003,0.1733398288488388,-0.05982525274157524,1.6751071214675903,-0.18100973963737488
1649556742.275529,arm,0.012271846644580364,-0.2730485796928406,0.17180585861206055,-0.05982525274157524,1.6766411066055298,-0.18100973963737488
1649556742.295598,arm,0.012271846644580364,-0.2730485796928406,0.16873788833618164,-0.05982525274157524,1.6751071214675903,-0.18100973963737488
1649556742.315625,arm,0.012271846644580364,-0.2715145945549011,0.1672039031982422,-0.05982525274157524,1.6751071214675903,-0.18100973963737488
1649556742.3356328,arm,0.012271846644580364,-0.2715145945549011,0.16566993296146393,-0.05982525274157524,1.6751071214675903,-0.18100973963737488
1649556742.355622,arm,0.013805827125906944,-0.26691266894340515,0.16413594782352448,-0.058291271328926086,1.6751071214675903,-0.18100973963737488
1649556742.3755918,arm,0.012271846644580364,-0.2653786838054657,0.16260196268558502,-0.058291271328926086,1.6751071214675903,-0.18100973963737488
1649556742.3955476,arm,0.012271846644580364,-0.2653786838054657,0.16260196268558502,-0.05982525274157524,1.6751071214675903,-0.18100973963737488
1649556742.4157321,arm,0.012271846644580364,-0.2653786838054657,0.16106799244880676,-0.05982525274157524,1.6751071214675903,-0.18100973963737488
1649556742.4355981,arm,0.012271846644580364,-0.26384469866752625,0.16106799244880676,-0.061359234154224396,1.6751071214675903,-0.18100973963737488
1649556742.455512,arm,0.013805827125906944,-0.26384469866752625,0.16260196268558502,-0.061359234154224396,1.6751071214675903,-0.18100973963737488
1649556742.4756477,arm,0.012271846644580364,-0.26384469866752625,0.16260196268558502,-0.061359234154224396,1.6751071214675903,-0.18100973963737488
1649556742.4956284,arm,0.012271846644580364,-0.26384469866752625,0.16260196268558502,-0.05982525274157524,1.6751071214675903,-0.18100973963737488
1649556742.5156114,arm,0.013805827125906944,-0.26384469866752625,0.16260196268558502,-0.058291271328926086,1.6751071214675903,-0.18100973963737488
1649556742.5357034,arm,0.012271846644580364,-0.26384469866752625,0.16260196268558502,-0.05982525274157524,1.6751071214675903,-0.18100973963737488
1649556742.5557215,arm,0.012271846644580364,-0.26384469866752625,0.16413594782352448,-0.05982525274157524,1.6751071214675903,-0.18100973963737488
1649556742.5756543,arm,0.012271846644580364,-0.26384469866752625,0.16260196268558502,-0.05982525274157524,1.6751071214675903,-0.18100973963737488
1649556742.595688,arm,0.013805827125906944,-0.26384469866752625,0.16260196268558502,-0.05982525274157524,1.6751071214675903,-0.18100973963737488
1649556742.615634,arm,0.013805827125906944,-0.26384469866752625,0.16106799244880676,-0.05982525274157524,1.6751071214675903,-0.18100973963737488
1649556742.635634,arm,0.012271846644580364,-0.26384469866752625,0.16106799244880676,-0.05982525274157524,1.6751071214675903,-0.18100973963737488
1649556742.6556234,arm,0.012271846644580364,-0.26384469866752625,0.16106799244880676,-0.061359234154224396,1.6751071214675903,-0.18100973963737488
1649556742.6756501,arm,0.012271846644580364,-0.26384469866752625,0.1595340073108673,-0.0644271969795227,1.6751071214675903,-0.18100973963737488
1649556742.6956282,arm,0.012271846644580364,-0.26384469866752625,0.16106799244880676,-0.06596117466688156,1.6751071214675903,-0.18100973963737488
1649556742.7156897,arm,0.012271846644580364,-0.26384469866752625,0.16106799244880676,-0.06749515980482101,1.6751071214675903,-0.18100973963737488
1649556742.7355585,arm,0.012271846644580364,-0.26384469866752625,0.16106799244880676,-0.06902913749217987,1.6766411066055298,-0.18100973963737488
1649556742.7555695,arm,0.012271846644580364,-0.26384469866752625,0.16106799244880676,-0.07056311517953873,1.6781749725341797,-0.18100973963737488
1649556742.7755466,arm,0.012271846644580364,-0.26384469866752625,0.1595340073108673,-0.06902913749217987,1.682776927947998,-0.18100973963737488
1649556742.7956064,arm,0.013805827125906944,-0.26384469866752625,0.16106799244880676,-0.06749515980482101,1.685844898223877,-0.18100973963737488
1649556742.8155947,arm,0.012271846644580364,-0.26384469866752625,0.1595340073108673,-0.06596117466688156,1.6919808387756348,-0.18100973963737488
1649556742.8355772,arm,0.013805827125906944,-0.26384469866752625,0.1595340073108673,-0.06289321184158325,1.6981167793273926,-0.18100973963737488
1649556742.8555305,arm,0.013805827125906944,-0.26384469866752625,0.1595340073108673,-0.05982525274157524,1.7057867050170898,-0.18100973963737488
1649556742.8755562,arm,0.012271846644580364,-0.26384469866752625,0.1595340073108673,-0.05675728991627693,1.7149906158447266,-0.18100973963737488
1649556742.8955379,arm,0.013805827125906944,-0.26384469866752625,0.1595340073108673,-0.05368933081626892,1.7272623777389526,-0.17947575449943542
1649556742.9155347,arm,0.013805827125906944,-0.26384469866752625,0.1595340073108673,-0.05062136799097061,1.7395342588424683,-0.17947575449943542
1649556742.9355602,arm,0.012271846644580364,-0.26384469866752625,0.15800002217292786,-0.04448544234037399,1.7533401250839233,-0.17947575449943542
1649556742.955565,arm,0.012271846644580364,-0.26384469866752625,0.1564660519361496,-0.04141748324036598,1.7686798572540283,-0.17947575449943542
1649556742.9755898,arm,0.012271846644580364,-0.26384469866752625,0.15493206679821014,-0.03681553900241852,1.7840197086334229,-0.17947575449943542
1649556742.9955738,arm,0.012271846644580364,-0.26384469866752625,0.1533980816602707,-0.03221359848976135,1.8008935451507568,-0.17947575449943542
1649556743.0157678,arm,0.012271846644580364,-0.26384469866752625,0.15186409652233124,-0.029145635664463043,1.8162332773208618,-0.17947575449943542
1649556743.0355568,arm,0.012271846644580364,-0.26384469866752625,0.14879614114761353,-0.023009711876511574,1.8331071138381958,-0.17794176936149597
1649556743.055589,arm,0.013805827125906944,-0.26384469866752625,0.1457281857728958,-0.019941750913858414,1.8484468460083008,-0.17794176936149597
1649556743.075562,arm,0.012271846644580364,-0.26384469866752625,0.14419420063495636,-0.015339808538556099,1.8637866973876953,-0.17794176936149597
1649556743.0957253,arm,0.012271846644580364,-0.26384469866752625,0.14112623035907745,-0.010737866163253784,1.8791265487670898,-0.17794176936149597
1649556743.1157436,arm,0.012271846644580364,-0.26384469866752625,0.1395922601222992,-0.0076699042692780495,1.8929322957992554,-0.1764077991247177
1649556743.1356323,arm,0.012271846644580364,-0.26384469866752625,0.1365242898464203,-0.003067961661145091,1.9067381620407104,-0.1764077991247177
1649556743.1556044,arm,0.010737866163253784,-0.26384469866752625,0.13499031960964203,-0.0015339808305725455,1.919010043144226,-0.1764077991247177
1649556743.175568,arm,0.010737866163253784,-0.26384469866752625,0.13038836419582367,0.0015339808305725455,1.934349775314331,-0.1764077991247177
1649556743.195586,arm,0.010737866163253784,-0.26384469866752625,0.12732040882110596,0.0015339808305725455,1.9481556415557861,-0.1764077991247177
1649556743.215646,arm,0.010737866163253784,-0.26384469866752625,0.12425244599580765,0.003067961661145091,1.9619615077972412,-0.1764077991247177
1649556743.2355433,arm,0.010737866163253784,-0.26384469866752625,0.12118448317050934,0.003067961661145091,1.9742332696914673,-0.1764077991247177
1649556743.255593,arm,0.010737866163253784,-0.26384469866752625,0.11811652034521103,0.003067961661145091,1.986505150794983,-0.1764077991247177
1649556743.275595,arm,0.010737866163253784,-0.26384469866752625,0.11504856497049332,0.003067961661145091,1.9987770318984985,-0.1764077991247177
1649556743.2956023,arm,0.010737866163253784,-0.26384469866752625,0.11198060214519501,0.003067961661145091,2.0110487937927246,-0.1764077991247177
1649556743.3155394,arm,0.010737866163253784,-0.26384469866752625,0.1089126393198967,0.003067961661145091,2.0233206748962402,-0.1764077991247177
1649556743.3355408,arm,0.010737866163253784,-0.26384469866752625,0.10737866163253784,0.003067961661145091,2.0340585708618164,-0.1764077991247177
1649556743.3556128,arm,0.010737866163253784,-0.26384469866752625,0.10277671366930008,0.003067961661145091,2.0447964668273926,-0.1764077991247177
1649556743.3755367,arm,0.010737866163253784,-0.26384469866752625,0.09970875084400177,0.003067961661145091,2.0540003776550293,-0.1764077991247177
1649556743.3955956,arm,0.010737866163253784,-0.26384469866752625,0.09664079546928406,0.003067961661145091,2.0647382736206055,-0.1764077991247177
1649556743.4155996,arm,0.010737866163253784,-0.26384469866752625,0.09357283264398575,0.004601942375302315,2.073942184448242,-0.1764077991247177
1649556743.4355295,arm,0.00920388475060463,-0.26384469866752625,0.0920388475060463,0.004601942375302315,2.080078125,-0.1764077991247177
1649556743.4556127,arm,0.010737866163253784,-0.26384469866752625,0.08897088468074799,0.003067961661145091,2.0862138271331787,-0.1764077991247177
1649556743.4755461,arm,0.010737866163253784,-0.26384469866752625,0.08743690699338913,0.003067961661145091,2.0892817974090576,-0.1764077991247177
1649556743.4956176,arm,0.010737866163253784,-0.26384469866752625,0.08436894416809082,0.003067961661145091,2.093883752822876,-0.1764077991247177
1649556743.515623,arm,0.010737866163253784,-0.26384469866752625,0.08130098134279251,0.003067961661145091,2.096951723098755,-0.1764077991247177
1649556743.5355864,arm,0.00920388475060463,-0.26384469866752625,0.0782330259680748,0.003067961661145091,2.0984857082366943,-0.1764077991247177
1649556743.5555446,arm,0.010737866163253784,-0.26384469866752625,0.07669904083013535,0.004601942375302315,2.100019693374634,-0.1764077991247177
1649556743.5755682,arm,0.010737866163253784,-0.26384469866752625,0.07363107800483704,0.004601942375302315,2.1015536785125732,-0.1764077991247177
1649556743.5958376,arm,0.00920388475060463,-0.26384469866752625,0.07209710031747818,0.003067961661145091,2.1030876636505127,-0.1764077991247177
1649556743.6156516,arm,0.010737866163253784,-0.26384469866752625,0.06902913749217987,0.004601942375302315,2.1030876636505127,-0.1764077991247177
1649556743.6355221,arm,0.00920388475060463,-0.26384469866752625,0.06596117466688156,0.004601942375302315,2.104621648788452,-0.1764077991247177
1649556743.655463,arm,0.00920388475060463,-0.26384469866752625,0.0644271969795227,0.004601942375302315,2.104621648788452,-0.1764077991247177
1649556743.6756241,arm,0.010737866163253784,-0.26384469866752625,0.06289321184158325,0.006135923322290182,2.1061556339263916,-0.1764077991247177
1649556743.6955488,arm,0.00920388475060463,-0.26384469866752625,0.05982525274157524,0.0076699042692780495,2.104621648788452,-0.1764077991247177
1649556743.7155902,arm,0.010737866163253784,-0.26384469866752625,0.05675728991627693,0.010737866163253784,2.1061556339263916,-0.1764077991247177
1649556743.7355473,arm,0.010737866163253784,-0.26384469866752625,0.05522330850362778,0.012271846644580364,2.1061556339263916,-0.1764077991247177
1649556743.7555873,arm,0.00920388475060463,-0.26384469866752625,0.052155349403619766,0.015339808538556099,2.1061556339263916,-0.1764077991247177
1649556743.7756343,arm,0.010737866163253784,-0.2653786838054657,0.04908738657832146,0.01840776950120926,2.107689619064331,-0.1764077991247177
1649556743.795612,arm,0.00920388475060463,-0.2653786838054657,0.0475534051656723,0.023009711876511574,2.11075758934021,-0.1764077991247177
1649556743.8155968,arm,0.010737866163253784,-0.26691266894340515,0.04601942375302315,0.026077674701809883,2.113825559616089,-0.1764077991247177
1649556743.8355796,arm,0.00920388475060463,-0.2715145945549011,0.04601942375302315,0.030679617077112198,2.1184275150299072,-0.1764077991247177
1649556743.8555856,arm,0.010737866163253784,-0.27458256483078003,0.04448544234037399,0.03528155758976936,2.1230294704437256,-0.1764077991247177
1649556743.8755562,arm,0.00920388475060463,-0.27765053510665894,0.04601942375302315,0.03988350182771683,2.124563455581665,-0.1764077991247177
1649556743.8957598,arm,0.00920388475060463,-0.2822524607181549,0.04601942375302315,0.04448544234037399,2.1260974407196045,-0.1764077991247177
1649556743.9155781,arm,0.010737866163253784,-0.28685441613197327,0.0475534051656723,0.0475534051656723,2.124563455581665,-0.1764077991247177
1649556743.9355874,arm,0.010737866163253784,-0.2914563715457916,0.04908738657832146,0.05062136799097061,2.124563455581665,-0.17487381398677826
1649556743.9556017,arm,0.010737866163253784,-0.2960582971572876,0.05062136799097061,0.05368933081626892,2.124563455581665,-0.1764077991247177
1649556743.9755855,arm,0.010737866163253784,-0.30066025257110596,0.052155349403619766,0.05522330850362778,2.124563455581665,-0.1764077991247177
1649556743.9956112,arm,0.010737866163253784,-0.3037281930446625,0.052155349403619766,0.05522330850362778,2.124563455581665,-0.1764077991247177
1649556744.0155678,arm,0.010737866163253784,-0.30526217818260193,0.052155349403619766,0.05675728991627693,2.124563455581665,-0.1764077991247177
1649556744.035686,arm,0.010737866163253784,-0.30526217818260193,0.052155349403619766,0.05675728991627693,2.124563455581665,-0.1764077991247177
1649556744.0556464,arm,0.010737866163253784,-0.30526217818260193,0.052155349403619766,0.05675728991627693,2.124563455581665,-0.1764077991247177
1649556744.0755706,arm,0.010737866163253784,-0.30526217818260193,0.052155349403619766,0.05522330850362778,2.124563455581665,-0.1764077991247177
1649556744.0957067,arm,0.010737866163253784,-0.30526217818260193,0.05368933081626892,0.05522330850362778,2.124563455581665,-0.1764077991247177
1649556744.115602,arm,0.010737866163253784,-0.30526217818260193,0.05522330850362778,0.05675728991627693,2.124563455581665,-0.1764077991247177
1649556744.1356182,arm,0.010737866163253784,-0.30526217818260193,0.05675728991627693,0.05675728991627693,2.124563455581665,-0.1764077991247177
1649556744.1556318,arm,0.010737866163253784,-0.30526217818260193,0.058291271328926086,0.05675728991627693,2.124563455581665,-0.1764077991247177
1649556744.1755962,arm,0.010737866163253784,-0.30526217818260193,0.05982525274157524,0.058291271328926086,2.124563455581665,-0.1764077991247177
1649556744.195652,arm,0.010737866163253784,-0.30526217818260193,0.05982525274157524,0.05675728991627693,2.124563455581665,-0.1764077991247177
1649556744.2156937,arm,0.010737866163253784,-0.30526217818260193,0.05982525274157524,0.05675728991627693,2.124563455581665,-0.1764077991247177
1649556744.2355907,arm,0.010737866163253784,-0.3067961633205414,0.061359234154224396,0.05675728991627693,2.124563455581665,-0.1764077991247177
1649556744.2556388,arm,0.010737866163253784,-0.30526217818260193,0.061359234154224396,0.05675728991627693,2.124563455581665,-0.1764077991247177
1649556744.2756267,arm,0.010737866163253784,-0.30526217818260193,0.06289321184158325,0.05675728991627693,2.124563455581665,-0.1764077991247177
1649556744.295546,arm,0.010737866163253784,-0.3067961633205414,0.06289321184158325,0.05675728991627693,2.124563455581665,-0.1764077991247177
1649556744.315586,arm,0.010737866163253784,-0.30526217818260193,0.06289321184158325,0.05675728991627693,2.124563455581665,-0.1764077991247177
1649556744.335541,arm,0.010737866163253784,-0.30526217818260193,0.0644271969795227,0.058291271328926086,2.124563455581665,-0.1764077991247177
1649556744.3555374,arm,0.010737866163253784,-0.30526217818260193,0.0644271969795227,0.05675728991627693,2.124563455581665,-0.1764077991247177
1649556744.3755262,arm,0.010737866163253784,-0.30526217818260193,0.06596117466688156,0.05675728991627693,2.124563455581665,-0.1764077991247177
1649556744.3953824,arm,0.010737866163253784,-0.30526217818260193,0.06596117466688156,0.05675728991627693,2.124563455581665,-0.1764077991247177
1649556744.4154005,arm,0.010737866163253784,-0.30526217818260193,0.06749515980482101,0.05675728991627693,2.124563455581665,-0.1764077991247177
1649556744.4355521,arm,0.010737866163253784,-0.30526217818260193,0.06749515980482101,0.05675728991627693,2.124563455581665,-0.1764077991247177
1649556744.4555657,arm,0.010737866163253784,-0.30526217818260193,0.06902913749217987,0.05675728991627693,2.124563455581665,-0.1764077991247177
1649556744.4755936,arm,0.010737866163253784,-0.30526217818260193,0.07209710031747818,0.05675728991627693,2.124563455581665,-0.1764077991247177
1649556744.4957125,arm,0.010737866163253784,-0.30526217818260193,0.07516506314277649,0.058291271328926086,2.124563455581665,-0.1764077991247177
1649556744.5156002,arm,0.012271846644580364,-0.3021942377090454,0.07516506314277649,0.058291271328926086,2.124563455581665,-0.1764077991247177
1649556744.53558,arm,0.012271846644580364,-0.2991262674331665,0.07516506314277649,0.058291271328926086,2.1230294704437256,-0.1764077991247177
1649556744.5555625,arm,0.013805827125906944,-0.2929903268814087,0.07516506314277649,0.05982525274157524,2.1184275150299072,-0.1764077991247177
1649556744.575477,arm,0.013805827125906944,-0.2822524607181549,0.07669904083013535,0.05982525274157524,2.1122915744781494,-0.17794176936149597
1649556744.5955608,arm,0.016873789951205254,-0.26691266894340515,0.07056311517953873,0.06289321184158325,2.090815782546997,-0.17947575449943542
1649556744.6156971,arm,0.02147573232650757,-0.24697090685367584,0.06289321184158325,0.06902913749217987,2.049398422241211,-0.17947575449943542
1649556744.635534,arm,0.029145635664463043,-0.22242721915245056,0.05062136799097061,0.07669904083013535,1.9849711656570435,-0.1764077991247177
1649556744.6555548,arm,0.03221359848976135,-0.19634954631328583,0.029145635664463043,0.08283496648073196,1.902136206626892,-0.1764077991247177
1649556744.6755204,arm,0.03221359848976135,-0.1672039031982422,0.006135923322290182,0.08590292930603027,1.8008935451507568,-0.17487381398677826
1649556744.6955886,arm,0.030679617077112198,-0.1365242898464203,-0.019941750913858414,0.08743690699338913,1.6904468536376953,-0.17487381398677826
1649556744.7156062,arm,0.030679617077112198,-0.10737866163253784,-0.04908738657832146,0.08743690699338913,1.5815342664718628,-0.17487381398677826
1649556744.7355804,arm,0.030679617077112198,-0.07669904083013535,-0.08743690699338913,0.09050486981868744,1.466485619544983,-0.17487381398677826
1649556744.7555864,arm,0.030679617077112198,-0.04295146465301514,-0.12732040882110596,0.0951068103313446,1.356039047241211,-0.17487381398677826
1649556744.775593,arm,0.030679617077112198,-0.013805827125906944,-0.1733398288488388,0.09664079546928406,1.245592474937439,-0.17487381398677826
1649556744.795651,arm,0.030679617077112198,0.015339808538556099,-0.2178252786397934,0.0951068103313446,1.136679768562317,-0.1733398288488388
1649556744.8155885,arm,0.029145635664463043,0.04448544234037399,-0.2684466540813446,0.0920388475060463,1.0277671813964844,-0.1733398288488388
1649556744.835643,arm,0.026077674701809883,0.07363107800483704,-0.3160000443458557,0.08743690699338913,0.9203885197639465,-0.1702718734741211
1649556744.8556337,arm,0.02454369328916073,0.09970875084400177,-0.3574175238609314,0.08283496648073196,0.8191457390785217,-0.1733398288488388
1649556744.8755667,arm,0.01840776950120926,0.12732040882110596,-0.3988350033760071,0.07516506314277649,0.7179030179977417,-0.1764077991247177
1649556744.8957162,arm,0.013805827125906944,0.15186409652233124,-0.43718454241752625,0.06749515980482101,0.6273981332778931,-0.17947575449943542
1649556744.9155502,arm,0.012271846644580364,0.1733398288488388,-0.47093212604522705,0.058291271328926086,0.5384272933006287,-0.17947575449943542
1649556744.935607,arm,0.010737866163253784,0.19174760580062866,-0.4924078583717346,0.052155349403619766,0.4663301706314087,-0.17947575449943542
1649556744.955587,arm,0.010737866163253784,0.20862139761447906,-0.5077476501464844,0.04448544234037399,0.41264083981513977,-0.17947575449943542
1649556744.9755812,arm,0.012271846644580364,0.2208932340145111,-0.5184855461120605,0.03374757990241051,0.3712233603000641,-0.17947575449943542
1649556744.9956207,arm,0.013805827125906944,0.23009712994098663,-0.5230874419212341,0.02761165425181389,0.33900976181030273,-0.17947575449943542
1649556745.0156915,arm,0.015339808538556099,0.2377670258283615,-0.5246214270591736,0.02147573232650757,0.3221359848976135,-0.17947575449943542
1649556745.035523,arm,0.015339808538556099,0.23930101096630096,-0.5215534567832947,0.015339808538556099,0.31753402948379517,-0.17947575449943542
1649556745.0556326,arm,0.015339808538556099,0.24083499610424042,-0.5169515609741211,0.010737866163253784,0.3221359848976135,-0.17947575449943542
1649556745.0755708,arm,0.015339808538556099,0.23930101096630096,-0.5123496055603027,0.006135923322290182,0.33133986592292786,-0.17947575449943542
1649556745.0955918,arm,0.016873789951205254,0.2377670258283615,-0.5077476501464844,0.006135923322290182,0.3466796576976776,-0.17947575449943542
1649556745.1155992,arm,0.01840776950120926,0.2346990704536438,-0.5062136650085449,0.003067961661145091,0.3635534644126892,-0.17947575449943542
1649556745.1356122,arm,0.019941750913858414,0.23316508531570435,-0.5062136650085449,0.003067961661145091,0.38196122646331787,-0.17794176936149597
1649556745.1556585,arm,0.019941750913858414,0.23009712994098663,-0.5062136650085449,0.003067961661145091,0.401902973651886,-0.1764077991247177
1649556745.1756544,arm,0.02147573232650757,0.22856314480304718,-0.5062136650085449,0.003067961661145091,0.424912691116333,-0.1764077991247177
1649556745.1955953,arm,0.02147573232650757,0.22549518942832947,-0.5077476501464844,0.004601942375302315,0.4494563937187195,-0.1764077991247177
1649556745.2156017,arm,0.023009711876511574,0.22242721915245056,-0.5077476501464844,0.003067961661145091,0.47093212604522705,-0.17487381398677826
1649556745.235578,arm,0.023009711876511574,0.21935926377773285,-0.5092816352844238,0.004601942375302315,0.4924078583717346,-0.17487381398677826
1649556745.255587,arm,0.023009711876511574,0.2178252786397934,-0.5108156204223633,0.004601942375302315,0.5138835906982422,-0.17487381398677826
1649556745.275584,arm,0.02454369328916073,0.21475732326507568,-0.5138835906982422,0.004601942375302315,0.5307573676109314,-0.17487381398677826
1649556745.2955687,arm,0.02454369328916073,0.21322333812713623,-0.5154175758361816,0.004601942375302315,0.5460971593856812,-0.17487381398677826
1649556745.3155973,arm,0.026077674701809883,0.21015536785125732,-0.5184855461120605,0.003067961661145091,0.5614370107650757,-0.17487381398677826
1649556745.3356414,arm,0.02761165425181389,0.20862139761447906,-0.52001953125,0.0015339808305725455,0.575242817401886,-0.17487381398677826
1649556745.3555944,arm,0.029145635664463043,0.20555342733860016,-0.5215534567832947,0.0015339808305725455,0.5875146389007568,-0.17487381398677826
1649556745.3756094,arm,0.029145635664463043,0.20248547196388245,-0.5215534567832947,0.0015339808305725455,0.5967185497283936,-0.17487381398677826
1649556745.3956993,arm,0.029145635664463043,0.19788353145122528,-0.52001953125,0.0,0.6059224009513855,-0.17487381398677826
1649556745.4156528,arm,0.030679617077112198,0.19481556117534637,-0.5169515609741211,0.0,0.6135923266410828,-0.17487381398677826
1649556745.4356194,arm,0.030679617077112198,0.1902136206626892,-0.5138835906982422,0.0,0.6227962374687195,-0.17487381398677826
1649556745.4555922,arm,0.030679617077112198,0.18561168015003204,-0.5123496055603027,0.0,0.6320000886917114,-0.17487381398677826
1649556745.4756176,arm,0.030679617077112198,0.18100973963737488,-0.5077476501464844,-0.0015339808305725455,0.6396700143814087,-0.17487381398677826
1649556745.4955955,arm,0.030679617077112198,0.1764077991247177,-0.5046796798706055,-0.0015339808305725455,0.647339940071106,-0.17487381398677826
1649556745.5156364,arm,0.030679617077112198,0.1733398288488388,-0.5000777244567871,-0.0015339808305725455,0.6550098061561584,-0.17487381398677826
1649556745.5357032,arm,0.030679617077112198,0.1672039031982422,-0.4939418137073517,-0.003067961661145091,0.6626797318458557,-0.17487381398677826
1649556745.555629,arm,0.03221359848976135,0.16260196268558502,-0.4893398880958557,-0.004601942375302315,0.6718835830688477,-0.17487381398677826
1649556745.575635,arm,0.030679617077112198,0.1564660519361496,-0.48166999220848083,-0.006135923322290182,0.6795535087585449,-0.17487381398677826
1649556745.5956447,arm,0.03221359848976135,0.15186409652233124,-0.475534051656723,-0.0076699042692780495,0.6887574195861816,-0.17487381398677826
1649556745.6155927,arm,0.03221359848976135,0.14419420063495636,-0.4693981409072876,-0.00920388475060463,0.699495255947113,-0.17487381398677826
1649556745.6355395,arm,0.03221359848976135,0.13805827498435974,-0.46019425988197327,-0.010737866163253784,0.7102331519126892,-0.17487381398677826
1649556745.655571,arm,0.030679617077112198,0.13192234933376312,-0.452524334192276,-0.013805827125906944,0.7225049734115601,-0.17487381398677826
1649556745.675558,arm,0.03221359848976135,0.1257864236831665,-0.4448544383049011,-0.015339808538556099,0.7363107800483704,-0.17487381398677826
1649556745.6957104,arm,0.03221359848976135,0.11965050548315048,-0.43411657214164734,-0.016873789951205254,0.7501166462898254,-0.1764077991247177
1649556745.715559,arm,0.03221359848976135,0.11351457983255386,-0.424912691116333,-0.01840776950120926,0.7639224529266357,-0.17487381398677826
1649556745.7355614,arm,0.030679617077112198,0.10584467649459839,-0.4157088100910187,-0.01840776950120926,0.777728259563446,-0.17487381398677826
1649556745.7555463,arm,0.030679617077112198,0.09970875084400177,-0.40650492906570435,-0.019941750913858414,0.7915341258049011,-0.1764077991247177
1649556745.7755845,arm,0.030679617077112198,0.0920388475060463,-0.3988350033760071,-0.019941750913858414,0.8068739175796509,-0.17487381398677826
1649556745.795571,arm,0.030679617077112198,0.08590292930603027,-0.38963112235069275,-0.019941750913858414,0.8222137093544006,-0.17487381398677826
1649556745.8156404,arm,0.030679617077112198,0.0782330259680748,-0.3804272413253784,-0.019941750913858414,0.8360195755958557,-0.17487381398677826
1649556745.8355803,arm,0.030679617077112198,0.07209710031747818,-0.37275734543800354,-0.019941750913858414,0.8528933525085449,-0.1764077991247177
1649556745.8555675,arm,0.03221359848976135,0.0644271969795227,-0.36508744955062866,-0.019941750913858414,0.8682331442832947,-0.17487381398677826
1649556745.8756888,arm,0.030679617077112198,0.058291271328926086,-0.3574175238609314,-0.019941750913858414,0.8851069211959839,-0.17487381398677826
1649556745.8956096,arm,0.030679617077112198,0.05062136799097061,-0.3497476279735565,-0.019941750913858414,0.9019807577133179,-0.1764077991247177
1649556745.915584,arm,0.030679617077112198,0.04448544234037399,-0.34207773208618164,-0.019941750913858414,0.9188545346260071,-0.17487381398677826
1649556745.935588,arm,0.03221359848976135,0.03834952041506767,-0.33594179153442383,-0.019941750913858414,0.9372622966766357,-0.17487381398677826
1649556745.955708,arm,0.03221359848976135,0.03221359848976135,-0.32827189564704895,-0.019941750913858414,0.954136073589325,-0.17487381398677826
1649556745.9755652,arm,0.030679617077112198,0.02454369328916073,-0.3221359848976135,-0.019941750913858414,0.9740778207778931,-0.17487381398677826
1649556745.9955943,arm,0.030679617077112198,0.01840776950120926,-0.3160000443458557,-0.019941750913858414,0.9924855828285217,-0.17487381398677826
1649556746.0155785,arm,0.030679617077112198,0.012271846644580364,-0.3098641335964203,-0.019941750913858414,1.0108933448791504,-0.17487381398677826
1649556746.0356364,arm,0.030679617077112198,0.004601942375302315,-0.3037281930446625,-0.019941750913858414,1.0308351516723633,-0.17487381398677826
1649556746.0555475,arm,0.030679617077112198,-0.0015339808305725455,-0.29759228229522705,-0.019941750913858414,1.0492428541183472,-0.17487381398677826
1649556746.0755684,arm,0.030679617077112198,-0.0076699042692780495,-0.2929903268814087,-0.019941750913858414,1.06918466091156,-0.17487381398677826
1649556746.0955768,arm,0.030679617077112198,-0.013805827125906944,-0.28685441613197327,-0.019941750913858414,1.0891263484954834,-0.17487381398677826
1649556746.1155448,arm,0.029145635664463043,-0.019941750913858414,-0.28071850538253784,-0.019941750913858414,1.1090681552886963,-0.17487381398677826
1649556746.1355817,arm,0.029145635664463043,-0.026077674701809883,-0.27458256483078003,-0.019941750913858414,1.1290098428726196,-0.1764077991247177
1649556746.1556425,arm,0.02761165425181389,-0.03221359848976135,-0.26998063921928406,-0.019941750913858414,1.1489516496658325,-0.1764077991247177
1649556746.175567,arm,0.02761165425181389,-0.03681553900241852,-0.2623107135295868,-0.02147573232650757,1.1688933372497559,-0.17487381398677826
1649556746.195583,arm,0.02761165425181389,-0.04295146465301514,-0.2577087879180908,-0.019941750913858414,1.1903691291809082,-0.17487381398677826
1649556746.215612,arm,0.02761165425181389,-0.0475534051656723,-0.25003886222839355,-0.02147573232650757,1.2087769508361816,-0.17487381398677826
1649556746.235701,arm,0.026077674701809883,-0.05522330850362778,-0.24390295147895813,-0.02147573232650757,1.228718638420105,-0.17487381398677826
1649556746.2555945,arm,0.02454369328916073,-0.061359234154224396,-0.23623304069042206,-0.02147573232650757,1.245592474937439,-0.17487381398677826
1649556746.275637,arm,0.026077674701809883,-0.06749515980482101,-0.23009712994098663,-0.023009711876511574,1.2640001773834229,-0.17487381398677826
1649556746.2956152,arm,0.02454369328916073,-0.07209710031747818,-0.22396120429039001,-0.02454369328916073,1.2793400287628174,-0.17487381398677826
1649556746.3155928,arm,0.02454369328916073,-0.0782330259680748,-0.2178252786397934,-0.02454369328916073,1.294679880142212,-0.17487381398677826
1649556746.3356903,arm,0.026077674701809883,-0.08590292930603027,-0.21015536785125732,-0.026077674701809883,1.310019612312317,-0.17487381398677826
1649556746.3556154,arm,0.02454369328916073,-0.09050486981868744,-0.2040194571018219,-0.02761165425181389,1.323825478553772,-0.17487381398677826
1649556746.3756166,arm,0.02454369328916073,-0.09817477315664291,-0.19788353145122528,-0.030679617077112198,1.3345633745193481,-0.17487381398677826
1649556746.3955703,arm,0.02454369328916073,-0.10431069880723953,-0.1902136206626892,-0.03221359848976135,1.3483691215515137,-0.17487381398677826
1649556746.4155822,arm,0.02454369328916073,-0.11044661700725555,-0.1840776950120926,-0.03528155758976936,1.3606410026550293,-0.17487381398677826
1649556746.435722,arm,0.02454369328916073,-0.11811652034521103,-0.1764077991247177,-0.03834952041506767,1.3744468688964844,-0.17487381398677826
1649556746.4559019,arm,0.02454369328916073,-0.12425244599580765,-0.16873788833618164,-0.04141748324036598,1.3867186307907104,-0.17487381398677826
1649556746.4754984,arm,0.02454369328916073,-0.13192234933376312,-0.16106799244880676,-0.04448544234037399,1.398990511894226,-0.17487381398677826
1649556746.4955513,arm,0.02454369328916073,-0.1395922601222992,-0.1533980816602707,-0.0475534051656723,1.4112623929977417,-0.17487381398677826
1649556746.5155046,arm,0.02454369328916073,-0.1457281857728958,-0.1426602154970169,-0.05062136799097061,1.4235341548919678,-0.17487381398677826
1649556746.5356395,arm,0.02454369328916073,-0.1533980816602707,-0.13499031960964203,-0.052155349403619766,1.4358060359954834,-0.17487381398677826
1649556746.5556285,arm,0.02454369328916073,-0.1595340073108673,-0.1257864236831665,-0.05522330850362778,1.448077917098999,-0.17487381398677826
1649556746.575532,arm,0.02454369328916073,-0.1672039031982422,-0.11811652034521103,-0.05675728991627693,1.4603497982025146,-0.17487381398677826
1649556746.595575,arm,0.02454369328916073,-0.1733398288488388,-0.11044661700725555,-0.058291271328926086,1.4726215600967407,-0.17487381398677826
1649556746.615579,arm,0.02454369328916073,-0.17947575449943542,-0.10277671366930008,-0.05982525274157524,1.4848934412002563,-0.17487381398677826
1649556746.6355684,arm,0.02454369328916073,-0.18561168015003204,-0.0951068103313446,-0.061359234154224396,1.497165322303772,-0.17487381398677826
1649556746.6555862,arm,0.02454369328916073,-0.19174760580062866,-0.08590292930603027,-0.06289321184158325,1.509437084197998,-0.17487381398677826
1649556746.675595,arm,0.023009711876511574,-0.19481556117534637,-0.0782330259680748,-0.0644271969795227,1.5232429504394531,-0.17487381398677826
1649556746.6955912,arm,0.023009711876511574,-0.200951486825943,-0.07056311517953873,-0.06596117466688156,1.5339808464050293,-0.17487381398677826
1649556746.715578,arm,0.023009711876511574,-0.20555342733860016,-0.0644271969795227,-0.06596117466688156,1.5447187423706055,-0.17487381398677826
1649556746.7355971,arm,0.023009711876511574,-0.20862139761447906,-0.05675728991627693,-0.06749515980482101,1.555456519126892,-0.17487381398677826
1649556746.755629,arm,0.023009711876511574,-0.21322333812713623,-0.05062136799097061,-0.06902913749217987,1.5661944150924683,-0.17487381398677826
1649556746.7756484,arm,0.023009711876511574,-0.21629129350185394,-0.04448544234037399,-0.07056311517953873,1.575398325920105,-0.17487381398677826
1649556746.7957392,arm,0.023009711876511574,-0.21935926377773285,-0.03988350182771683,-0.07056311517953873,1.5861362218856812,-0.17487381398677826
1649556746.8156085,arm,0.02147573232650757,-0.22549518942832947,-0.03528155758976936,-0.07209710031747818,1.5953400135040283,-0.17487381398677826
1649556746.8356044,arm,0.02147573232650757,-0.22856314480304718,-0.030679617077112198,-0.07363107800483704,1.6060779094696045,-0.17487381398677826
1649556746.855655,arm,0.019941750913858414,-0.23009712994098663,-0.02454369328916073,-0.07516506314277649,1.6168158054351807,-0.17487381398677826
1649556746.8757093,arm,0.019941750913858414,-0.23316508531570435,-0.01840776950120926,-0.07516506314277649,1.6275537014007568,-0.17487381398677826
1649556746.8955576,arm,0.019941750913858414,-0.23623304069042206,-0.012271846644580364,-0.07516506314277649,1.639825463294983,-0.17487381398677826
1649556746.9155629,arm,0.01840776950120926,-0.2377670258283615,-0.0076699042692780495,-0.07669904083013535,1.650563359260559,-0.17487381398677826
1649556746.9356287,arm,0.01840776950120926,-0.23930101096630096,-0.0015339808305725455,-0.07516506314277649,1.6613012552261353,-0.17487381398677826
1649556746.9556339,arm,0.01840776950120926,-0.24236896634101868,0.003067961661145091,-0.07516506314277649,1.6720391511917114,-0.17487381398677826
1649556746.9756057,arm,0.01840776950120926,-0.24390295147895813,0.00920388475060463,-0.07516506314277649,1.682776927947998,-0.17487381398677826
1649556746.9955719,arm,0.01840776950120926,-0.24543693661689758,0.013805827125906944,-0.07516506314277649,1.6889128684997559,-0.17487381398677826
1649556747.01559,arm,0.01840776950120926,-0.24543693661689758,0.01840776950120926,-0.07363107800483704,1.6935148239135742,-0.17487381398677826
1649556747.035607,arm,0.01840776950120926,-0.24697090685367584,0.023009711876511574,-0.07209710031747818,1.6965827941894531,-0.17487381398677826
1649556747.0555732,arm,0.019941750913858414,-0.2485048919916153,0.02761165425181389,-0.06902913749217987,1.699650764465332,-0.17487381398677826
1649556747.0755897,arm,0.019941750913858414,-0.2485048919916153,0.030679617077112198,-0.06749515980482101,1.699650764465332,-0.17487381398677826
1649556747.0955865,arm,0.019941750913858414,-0.2485048919916153,0.03374757990241051,-0.06596117466688156,1.6981167793273926,-0.17487381398677826
1649556747.1156397,arm,0.02147573232650757,-0.2485048919916153,0.03681553900241852,-0.06289321184158325,1.699650764465332,-0.17487381398677826
1649556747.1355937,arm,0.02147573232650757,-0.2485048919916153,0.03988350182771683,-0.058291271328926086,1.699650764465332,-0.17487381398677826
1649556747.1555653,arm,0.02147573232650757,-0.2485048919916153,0.04448544234037399,-0.05675728991627693,1.699650764465332,-0.17487381398677826
1649556747.175597,arm,0.02147573232650757,-0.2485048919916153,0.04908738657832146,-0.05062136799097061,1.699650764465332,-0.17487381398677826
1649556747.1955936,arm,0.02147573232650757,-0.2485048919916153,0.05368933081626892,-0.04601942375302315,1.699650764465332,-0.17487381398677826
1649556747.2156537,arm,0.02147573232650757,-0.2485048919916153,0.058291271328926086,-0.04448544234037399,1.699650764465332,-0.17487381398677826
1649556747.2356582,arm,0.02147573232650757,-0.2485048919916153,0.0644271969795227,-0.04448544234037399,1.699650764465332,-0.17487381398677826
1649556747.2555864,arm,0.02147573232650757,-0.2485048919916153,0.06902913749217987,-0.04448544234037399,1.699650764465332,-0.17487381398677826
1649556747.2757723,arm,0.02147573232650757,-0.2485048919916153,0.07516506314277649,-0.04448544234037399,1.699650764465332,-0.17487381398677826
1649556747.2955787,arm,0.02147573232650757,-0.2485048919916153,0.07976700365543365,-0.04448544234037399,1.699650764465332,-0.17487381398677826
1649556747.3155837,arm,0.02147573232650757,-0.2485048919916153,0.08436894416809082,-0.04448544234037399,1.699650764465332,-0.17487381398677826
1649556747.3356454,arm,0.02147573232650757,-0.2485048919916153,0.08897088468074799,-0.04448544234037399,1.699650764465332,-0.17487381398677826
1649556747.3555462,arm,0.02147573232650757,-0.2485048919916153,0.09357283264398575,-0.04448544234037399,1.699650764465332,-0.17487381398677826
1649556747.3756595,arm,0.02147573232650757,-0.2485048919916153,0.09664079546928406,-0.04448544234037399,1.699650764465332,-0.17487381398677826
1649556747.395556,arm,0.02147573232650757,-0.2485048919916153,0.09970875084400177,-0.04448544234037399,1.699650764465332,-0.17487381398677826
1649556747.4155903,arm,0.02147573232650757,-0.2485048919916153,0.10277671366930008,-0.04448544234037399,1.6981167793273926,-0.17487381398677826
1649556747.4355204,arm,0.02147573232650757,-0.2485048919916153,0.10431069880723953,-0.04601942375302315,1.699650764465332,-0.17487381398677826
1649556747.455689,arm,0.02147573232650757,-0.2485048919916153,0.10584467649459839,-0.04601942375302315,1.699650764465332,-0.17487381398677826
1649556747.4757335,arm,0.02147573232650757,-0.2485048919916153,0.10584467649459839,-0.04601942375302315,1.6981167793273926,-0.17487381398677826
1649556747.4955764,arm,0.02147573232650757,-0.2485048919916153,0.10737866163253784,-0.04601942375302315,1.699650764465332,-0.17487381398677826
1649556747.5156503,arm,0.02147573232650757,-0.2485048919916153,0.10737866163253784,-0.04601942375302315,1.699650764465332,-0.17487381398677826
1649556747.5355473,arm,0.02147573232650757,-0.2485048919916153,0.10737866163253784,-0.04601942375302315,1.6981167793273926,-0.17487381398677826
1649556747.5556283,arm,0.02147573232650757,-0.2485048919916153,0.10737866163253784,-0.04601942375302315,1.699650764465332,-0.17487381398677826
1649556747.5757177,arm,0.02147573232650757,-0.2485048919916153,0.10737866163253784,-0.04601942375302315,1.699650764465332,-0.17487381398677826
1649556747.5957067,arm,0.02147573232650757,-0.2485048919916153,0.10737866163253784,-0.04601942375302315,1.699650764465332,-0.17487381398677826
1649556747.6156526,arm,0.02147573232650757,-0.2485048919916153,0.10737866163253784,-0.04601942375302315,1.699650764465332,-0.17487381398677826
1649556747.6355562,arm,0.02147573232650757,-0.2485048919916153,0.10737866163253784,-0.04601942375302315,1.6981167793273926,-0.17487381398677826
1649556747.6556017,arm,0.02147573232650757,-0.2485048919916153,0.10737866163253784,-0.04601942375302315,1.699650764465332,-0.17487381398677826
1649556747.6755826,arm,0.02147573232650757,-0.2485048919916153,0.1089126393198967,-0.04601942375302315,1.699650764465332,-0.17487381398677826
1649556747.6955853,arm,0.02147573232650757,-0.2485048919916153,0.1089126393198967,-0.04601942375302315,1.6981167793273926,-0.17487381398677826
1649556747.7156038,arm,0.019941750913858414,-0.2485048919916153,0.11044661700725555,-0.04601942375302315,1.699650764465332,-0.17487381398677826
1649556747.7356136,arm,0.019941750913858414,-0.2485048919916153,0.11198060214519501,-0.04601942375302315,1.699650764465332,-0.17487381398677826
1649556747.7556005,arm,0.019941750913858414,-0.24697090685367584,0.11351457983255386,-0.04601942375302315,1.699650764465332,-0.17487381398677826
1649556747.775695,arm,0.01840776950120926,-0.2485048919916153,0.11658254265785217,-0.04601942375302315,1.699650764465332,-0.17487381398677826
1649556747.7956395,arm,0.01840776950120926,-0.2485048919916153,0.11811652034521103,-0.04601942375302315,1.699650764465332,-0.17487381398677826
1649556747.815622,arm,0.01840776950120926,-0.2485048919916153,0.12118448317050934,-0.04601942375302315,1.6981167793273926,-0.17487381398677826
1649556747.8356206,arm,0.01840776950120926,-0.2485048919916153,0.12271846830844879,-0.04601942375302315,1.699650764465332,-0.17487381398677826
1649556747.8555996,arm,0.01840776950120926,-0.2485048919916153,0.12732040882110596,-0.04601942375302315,1.699650764465332,-0.17487381398677826
1649556747.875901,arm,0.01840776950120926,-0.2485048919916153,0.13038836419582367,-0.04601942375302315,1.699650764465332,-0.17487381398677826
1649556747.895561,arm,0.01840776950120926,-0.2485048919916153,0.13345633447170258,-0.04601942375302315,1.699650764465332,-0.17487381398677826
1649556747.9156318,arm,0.01840776950120926,-0.2485048919916153,0.13805827498435974,-0.0475534051656723,1.699650764465332,-0.17487381398677826
1649556747.9356945,arm,0.01840776950120926,-0.2485048919916153,0.1426602154970169,-0.04601942375302315,1.699650764465332,-0.17487381398677826
1649556747.9556384,arm,0.01840776950120926,-0.2485048919916153,0.1457281857728958,-0.04295146465301514,1.6981167793273926,-0.17487381398677826
1649556747.9756577,arm,0.01840776950120926,-0.24697090685367584,0.15033012628555298,-0.04295146465301514,1.699650764465332,-0.17487381398677826
1649556747.9956546,arm,0.01840776950120926,-0.24697090685367584,0.15186409652233124,-0.04141748324036598,1.699650764465332,-0.17487381398677826
1649556748.0156507,arm,0.019941750913858414,-0.24697090685367584,0.1533980816602707,-0.04141748324036598,1.699650764465332,-0.17487381398677826
1649556748.0356364,arm,0.019941750913858414,-0.24697090685367584,0.15493206679821014,-0.04141748324036598,1.699650764465332,-0.17487381398677826
1649556748.0555665,arm,0.019941750913858414,-0.24697090685367584,0.1564660519361496,-0.04295146465301514,1.6981167793273926,-0.17487381398677826
1649556748.07559,arm,0.019941750913858414,-0.24697090685367584,0.1564660519361496,-0.04448544234037399,1.699650764465332,-0.17487381398677826
1649556748.0956106,arm,0.019941750913858414,-0.24697090685367584,0.15800002217292786,-0.04448544234037399,1.699650764465332,-0.17487381398677826
1649556748.1155834,arm,0.019941750913858414,-0.24697090685367584,0.1595340073108673,-0.04448544234037399,1.699650764465332,-0.17487381398677826
1649556748.1356132,arm,0.019941750913858414,-0.24697090685367584,0.16106799244880676,-0.04448544234037399,1.699650764465332,-0.17487381398677826
1649556748.1557155,arm,0.019941750913858414,-0.2485048919916153,0.16413594782352448,-0.04601942375302315,1.699650764465332,-0.17487381398677826
1649556748.1756496,arm,0.019941750913858414,-0.2485048919916153,0.1702718734741211,-0.04601942375302315,1.699650764465332,-0.17487381398677826
1649556748.195631,arm,0.019941750913858414,-0.2485048919916153,0.1764077991247177,-0.04601942375302315,1.699650764465332,-0.17487381398677826
1649556748.2156956,arm,0.019941750913858414,-0.2485048919916153,0.1840776950120926,-0.0475534051656723,1.699650764465332,-0.17487381398677826
1649556748.2355917,arm,0.019941750913858414,-0.2485048919916153,0.19174760580062866,-0.0475534051656723,1.699650764465332,-0.17487381398677826
1649556748.255621,arm,0.019941750913858414,-0.2485048919916153,0.200951486825943,-0.0475534051656723,1.699650764465332,-0.17487381398677826
1649556748.2755892,arm,0.02147573232650757,-0.25003886222839355,0.21168935298919678,-0.0475534051656723,1.699650764465332,-0.17487381398677826
1649556748.295786,arm,0.023009711876511574,-0.2485048919916153,0.22396120429039001,-0.0475534051656723,1.699650764465332,-0.17487381398677826
1649556748.3156364,arm,0.02454369328916073,-0.2485048919916153,0.2346990704536438,-0.0475534051656723,1.699650764465332,-0.17487381398677826
1649556748.3356116,arm,0.02761165425181389,-0.25003886222839355,0.24697090685367584,-0.04601942375302315,1.6981167793273926,-0.17487381398677826
1649556748.3555944,arm,0.029145635664463043,-0.25003886222839355,0.2577087879180908,-0.04295146465301514,1.699650764465332,-0.17487381398677826
1649556748.3756533,arm,0.030679617077112198,-0.2485048919916153,0.26384469866752625,-0.04448544234037399,1.699650764465332,-0.17487381398677826
1649556748.3956134,arm,0.030679617077112198,-0.2485048919916153,0.26691266894340515,-0.04448544234037399,1.699650764465332,-0.17487381398677826
1649556748.4156141,arm,0.03374757990241051,-0.2485048919916153,0.2684466540813446,-0.04601942375302315,1.6981167793273926,-0.17487381398677826
1649556748.435836,arm,0.03681553900241852,-0.25003886222839355,0.2684466540813446,-0.0475534051656723,1.699650764465332,-0.17487381398677826
1649556748.4556358,arm,0.03988350182771683,-0.25003886222839355,0.2653786838054657,-0.05062136799097061,1.699650764465332,-0.17487381398677826
1649556748.4757085,arm,0.04295146465301514,-0.25003886222839355,0.26384469866752625,-0.0475534051656723,1.699650764465332,-0.17487381398677826
1649556748.4957027,arm,0.04448544234037399,-0.25003886222839355,0.26384469866752625,-0.05062136799097061,1.699650764465332,-0.17487381398677826
1649556748.5156941,arm,0.04448544234037399,-0.25003886222839355,0.26384469866752625,-0.05062136799097061,1.699650764465332,-0.17487381398677826
1649556748.5356534,arm,0.04448544234037399,-0.25003886222839355,0.26384469866752625,-0.0475534051656723,1.699650764465332,-0.17487381398677826
1649556748.5556846,arm,0.04601942375302315,-0.251572847366333,0.26384469866752625,-0.0475534051656723,1.699650764465332,-0.17487381398677826
1649556748.5757182,arm,0.04448544234037399,-0.25003886222839355,0.2623107135295868,-0.0475534051656723,1.699650764465332,-0.17487381398677826
1649556748.5956526,arm,0.04448544234037399,-0.25003886222839355,0.2623107135295868,-0.05062136799097061,1.6981167793273926,-0.17487381398677826
1649556748.6155968,arm,0.04295146465301514,-0.251572847366333,0.26384469866752625,-0.052155349403619766,1.699650764465332,-0.17487381398677826
1649556748.6355777,arm,0.04295146465301514,-0.25003886222839355,0.26691266894340515,-0.052155349403619766,1.6981167793273926,-0.17487381398677826
1649556748.6556232,arm,0.04295146465301514,-0.25003886222839355,0.2715145945549011,-0.05368933081626892,1.699650764465332,-0.17487381398677826
1649556748.6756263,arm,0.04295146465301514,-0.251572847366333,0.2730485796928406,-0.052155349403619766,1.699650764465332,-0.17487381398677826
1649556748.695709,arm,0.04295146465301514,-0.251572847366333,0.27458256483078003,-0.05368933081626892,1.699650764465332,-0.17487381398677826
1649556748.7156267,arm,0.04295146465301514,-0.25003886222839355,0.27765053510665894,-0.05368933081626892,1.699650764465332,-0.17487381398677826
1649556748.7356517,arm,0.04295146465301514,-0.251572847366333,0.27765053510665894,-0.052155349403619766,1.699650764465332,-0.17487381398677826
1649556748.7556188,arm,0.04295146465301514,-0.251572847366333,0.2791845202445984,-0.052155349403619766,1.699650764465332,-0.17487381398677826
1649556748.7756186,arm,0.04295146465301514,-0.251572847366333,0.2791845202445984,-0.052155349403619766,1.699650764465332,-0.17487381398677826
1649556748.7957273,arm,0.04295146465301514,-0.25310683250427246,0.27765053510665894,-0.05368933081626892,1.699650764465332,-0.17487381398677826
1649556748.8156364,arm,0.04295146465301514,-0.25310683250427246,0.2761165499687195,-0.05368933081626892,1.699650764465332,-0.17487381398677826
1649556748.835647,arm,0.04295146465301514,-0.2546408176422119,0.27458256483078003,-0.05368933081626892,1.699650764465332,-0.17487381398677826
1649556748.8555956,arm,0.04295146465301514,-0.2546408176422119,0.2715145945549011,-0.05368933081626892,1.699650764465332,-0.17487381398677826
1649556748.8755786,arm,0.04295146465301514,-0.2546408176422119,0.26998063921928406,-0.05368933081626892,1.699650764465332,-0.17487381398677826
1649556748.89561,arm,0.04295146465301514,-0.2546408176422119,0.2684466540813446,-0.05368933081626892,1.699650764465332,-0.17487381398677826
1649556748.9155874,arm,0.04295146465301514,-0.2546408176422119,0.2684466540813446,-0.05368933081626892,1.699650764465332,-0.17487381398677826
1649556748.935574,arm,0.04295146465301514,-0.2546408176422119,0.26691266894340515,-0.052155349403619766,1.699650764465332,-0.17487381398677826
1649556748.9555695,arm,0.04295146465301514,-0.2546408176422119,0.26691266894340515,-0.05368933081626892,1.699650764465332,-0.17487381398677826
1649556748.9756422,arm,0.04295146465301514,-0.2546408176422119,0.26691266894340515,-0.05368933081626892,1.699650764465332,-0.17487381398677826
1649556748.9955761,arm,0.04295146465301514,-0.2546408176422119,0.26691266894340515,-0.05368933081626892,1.699650764465332,-0.17487381398677826
1649556749.0156424,arm,0.04295146465301514,-0.2546408176422119,0.26691266894340515,-0.05368933081626892,1.699650764465332,-0.17487381398677826
1649556749.0356398,arm,0.04295146465301514,-0.2546408176422119,0.2684466540813446,-0.05368933081626892,1.699650764465332,-0.17487381398677826
1649556749.0556586,arm,0.04295146465301514,-0.2546408176422119,0.26998063921928406,-0.05368933081626892,1.699650764465332,-0.17487381398677826
1649556749.075575,arm,0.04295146465301514,-0.2546408176422119,0.2715145945549011,-0.05368933081626892,1.699650764465332,-0.17487381398677826
1649556749.0955997,arm,0.04295146465301514,-0.2546408176422119,0.27458256483078003,-0.05368933081626892,1.699650764465332,-0.17487381398677826
1649556749.1156135,arm,0.04295146465301514,-0.2546408176422119,0.2761165499687195,-0.05368933081626892,1.699650764465332,-0.17487381398677826
1649556749.135632,arm,0.04295146465301514,-0.2546408176422119,0.27765053510665894,-0.05368933081626892,1.699650764465332,-0.17487381398677826
1649556749.155592,arm,0.04295146465301514,-0.2546408176422119,0.2791845202445984,-0.05368933081626892,1.699650764465332,-0.17487381398677826
1649556749.1756458,arm,0.04295146465301514,-0.2546408176422119,0.28071850538253784,-0.05368933081626892,1.699650764465332,-0.17487381398677826
1649556749.1956072,arm,0.04448544234037399,-0.2546408176422119,0.28071850538253784,-0.05368933081626892,1.699650764465332,-0.17487381398677826
1649556749.2156062,arm,0.0475534051656723,-0.2546408176422119,0.28071850538253784,-0.05368933081626892,1.699650764465332,-0.17487381398677826
1649556749.2356083,arm,0.04908738657832146,-0.2546408176422119,0.28071850538253784,-0.05368933081626892,1.699650764465332,-0.17487381398677826
1649556749.2555895,arm,0.052155349403619766,-0.2546408176422119,0.28071850538253784,-0.05368933081626892,1.699650764465332,-0.17487381398677826
1649556749.2756994,arm,0.05368933081626892,-0.2546408176422119,0.28071850538253784,-0.05368933081626892,1.699650764465332,-0.17487381398677826
1649556749.2956104,arm,0.05522330850362778,-0.2546408176422119,0.28071850538253784,-0.05368933081626892,1.699650764465332,-0.17487381398677826
1649556749.3156445,arm,0.05675728991627693,-0.2546408176422119,0.28071850538253784,-0.05368933081626892,1.699650764465332,-0.17487381398677826
1649556749.3355255,arm,0.058291271328926086,-0.2546408176422119,0.2791845202445984,-0.05368933081626892,1.699650764465332,-0.17487381398677826
1649556749.355552,arm,0.058291271328926086,-0.2546408176422119,0.27765053510665894,-0.05368933081626892,1.699650764465332,-0.17487381398677826
1649556749.3755138,arm,0.05982525274157524,-0.2546408176422119,0.2761165499687195,-0.05368933081626892,1.699650764465332,-0.17487381398677826
1649556749.3955672,arm,0.05982525274157524,-0.2546408176422119,0.27458256483078003,-0.05368933081626892,1.699650764465332,-0.17487381398677826
1649556749.4155867,arm,0.05982525274157524,-0.2546408176422119,0.2730485796928406,-0.05368933081626892,1.699650764465332,-0.17487381398677826
1649556749.4355748,arm,0.05982525274157524,-0.2546408176422119,0.2730485796928406,-0.05368933081626892,1.699650764465332,-0.17487381398677826
1649556749.4555912,arm,0.05982525274157524,-0.2546408176422119,0.2730485796928406,-0.05368933081626892,1.699650764465332,-0.17487381398677826
1649556749.475621,arm,0.05982525274157524,-0.2546408176422119,0.2730485796928406,-0.05368933081626892,1.699650764465332,-0.17487381398677826
1649556749.4955826,arm,0.05982525274157524,-0.2546408176422119,0.2730485796928406,-0.05368933081626892,1.699650764465332,-0.17487381398677826
1649556749.5155613,arm,0.05982525274157524,-0.2546408176422119,0.2761165499687195,-0.05368933081626892,1.699650764465332,-0.17487381398677826
1649556749.5356169,arm,0.05982525274157524,-0.2546408176422119,0.27765053510665894,-0.05368933081626892,1.699650764465332,-0.17487381398677826
1649556749.5555706,arm,0.05982525274157524,-0.2546408176422119,0.2791845202445984,-0.05368933081626892,1.699650764465332,-0.17487381398677826
1649556749.575582,arm,0.05982525274157524,-0.2546408176422119,0.28071850538253784,-0.05368933081626892,1.699650764465332,-0.17487381398677826
1649556749.5956285,arm,0.05982525274157524,-0.2546408176422119,0.28071850538253784,-0.05368933081626892,1.699650764465332,-0.17487381398677826
1649556749.6156552,arm,0.05982525274157524,-0.2546408176422119,0.2822524607181549,-0.05368933081626892,1.699650764465332,-0.17487381398677826
1649556749.635565,arm,0.05982525274157524,-0.2546408176422119,0.2822524607181549,-0.05368933081626892,1.699650764465332,-0.17487381398677826
1649556749.6557486,arm,0.058291271328926086,-0.2546408176422119,0.2822524607181549,-0.05368933081626892,1.699650764465332,-0.17487381398677826
1649556749.6756027,arm,0.058291271328926086,-0.2546408176422119,0.2822524607181549,-0.05368933081626892,1.699650764465332,-0.17487381398677826
1649556749.6956146,arm,0.058291271328926086,-0.2546408176422119,0.2822524607181549,-0.05368933081626892,1.699650764465332,-0.17487381398677826
1649556749.7156153,arm,0.058291271328926086,-0.2546408176422119,0.28071850538253784,-0.05368933081626892,1.699650764465332,-0.17487381398677826
1649556749.7355845,arm,0.05675728991627693,-0.2546408176422119,0.28071850538253784,-0.05368933081626892,1.699650764465332,-0.17487381398677826
1649556749.7556086,arm,0.058291271328926086,-0.2546408176422119,0.2791845202445984,-0.05368933081626892,1.699650764465332,-0.17487381398677826
1649556749.7756057,arm,0.05675728991627693,-0.2546408176422119,0.27765053510665894,-0.05368933081626892,1.6981167793273926,-0.17487381398677826
1649556749.7955897,arm,0.05675728991627693,-0.2546408176422119,0.2761165499687195,-0.05368933081626892,1.699650764465332,-0.17487381398677826
