Time,header.seq,header.stamp.secs,header.stamp.nsecs,header.frame_id,cam1_marker.header.seq,cam1_marker.header.stamp.secs,cam1_marker.header.stamp.nsecs,cam1_marker.header.frame_id,cam1_marker.id,cam1_marker.time,cam1_marker.confidence,cam1_marker.pose.header.seq,cam1_marker.pose.header.stamp.secs,cam1_marker.pose.header.stamp.nsecs,cam1_marker.pose.header.frame_id,cam1_marker.pose.pose.position.x,cam1_marker.pose.pose.position.y,cam1_marker.pose.pose.position.z,cam1_marker.pose.pose.orientation.x,cam1_marker.pose.pose.orientation.y,cam1_marker.pose.pose.orientation.z,cam1_marker.pose.pose.orientation.w,cam2_marker.header.seq,cam2_marker.header.stamp.secs,cam2_marker.header.stamp.nsecs,cam2_marker.header.frame_id,cam2_marker.id,cam2_marker.time,cam2_marker.confidence,cam2_marker.pose.header.seq,cam2_marker.pose.header.stamp.secs,cam2_marker.pose.header.stamp.nsecs,cam2_marker.pose.header.frame_id,cam2_marker.pose.pose.position.x,cam2_marker.pose.pose.position.y,cam2_marker.pose.pose.position.z,cam2_marker.pose.pose.orientation.x,cam2_marker.pose.pose.orientation.y,cam2_marker.pose.pose.orientation.z,cam2_marker.pose.pose.orientation.w,cam3_marker.header.seq,cam3_marker.header.stamp.secs,cam3_marker.header.stamp.nsecs,cam3_marker.header.frame_id,cam3_marker.id,cam3_marker.time,cam3_marker.confidence,cam3_marker.pose.header.seq,cam3_marker.pose.header.stamp.secs,cam3_marker.pose.header.stamp.nsecs,cam3_marker.pose.header.frame_id,cam3_marker.pose.pose.position.x,cam3_marker.pose.pose.position.y,cam3_marker.pose.pose.position.z,cam3_marker.pose.pose.orientation.x,cam3_marker.pose.pose.orientation.y,cam3_marker.pose.pose.orientation.z,cam3_marker.pose.pose.orientation.w,avg_marker.header.seq,avg_marker.header.stamp.secs,avg_marker.header.stamp.nsecs,avg_marker.header.frame_id,avg_marker.id,avg_marker.time,avg_marker.confidence,avg_marker.pose.header.seq,avg_marker.pose.header.stamp.secs,avg_marker.pose.header.stamp.nsecs,avg_marker.pose.header.frame_id,avg_marker.pose.pose.position.x,avg_marker.pose.pose.position.y,avg_marker.pose.pose.position.z,avg_marker.pose.pose.orientation.x,avg_marker.pose.pose.orientation.y,avg_marker.pose.pose.orientation.z,avg_marker.pose.pose.orientation.w,joint_states.header.seq,joint_states.header.stamp.secs,joint_states.header.stamp.nsecs,joint_states.header.frame_id,joint_states.name,joint_states.position,joint_states.velocity,joint_states.effort
1652332957.3988686,0,0,0,,172,1652332957,267029524,wx250s/base_link,0,1652332957.2670295,0,0,0,0,,0.45687074401652783,-0.011080535571841762,0.1392982624189792,0.0804849551589591,0.06572694818369734,0.4277710611018231,0.8978942362880711,172,1652332957,264851570,wx250s/base_link,0,1652332957.2648516,0,0,0,0,,0.456396130576539,-0.01582182961685112,0.15139643355237764,0.11695428858773253,0.09116387715490898,0.4214774334254776,0.8946326704274186,172,1652332957,265017748,wx250s/base_link,0,1652332957.2650177,0,0,0,0,,0.45934056382776284,-0.01617572357800811,0.14403669006150505,0.07366165791141073,0.07899946440975768,0.428343170362576,0.897137209784797,0,0,0,,0,1652332957.2656329,0,0,0,0,,0.45753581280694317,-0.014359362922233665,0.14491046201095395,0.09036696721936745,0.07863009658278801,0.4258638882966255,0.8965547055000956,1226,1652332957,289022061,,"['waist', 'shoulder', 'elbow', 'forearm_roll', 'wrist_angle', 'wrist_rotate', 'gripper', 'left_finger', 'right_finger']","(-0.012271846644580364, -0.23930101096630096, 0.8559613227844238, 0.026077674701809883, -0.35895150899887085, 0.08743690699338913, -0.2577087879180908, 0.016249334439635277, -0.016249334439635277)","(0.0, 0.0, 0.0, 0.0, 0.0, 0.0, 0.0, 0.0, 0.0)","(0.0, 0.0, -2.690000057220459, 0.0, 0.0, 0.0, -2.690000057220459, 0.0, 0.0)"
1652332957.440035,1,0,0,,173,1652332957,300545692,wx250s/base_link,0,1652332957.3005457,0,0,0,0,,0.455834867519998,-0.010906869843920112,0.14035394677741542,0.08178955333894479,0.06723702998830712,0.4266174070667645,0.8982133592585885,174,1652332957,315173864,wx250s/base_link,0,1652332957.3151739,0,0,0,0,,0.4563322354129312,-0.015590374096896245,0.1520149507531553,0.12187986671141357,0.0906875001852211,0.4161888121572347,0.8964976006859773,173,1652332957,315423965,wx250s/base_link,0,1652332957.315424,0,0,0,0,,0.4601215670539555,-0.016015275747635678,0.14497394137964265,0.06733778520787784,0.0700056899870099,0.42822524924385025,0.8984363983960038,0,0,0,,0,1652332957.3103812,0,0,0,0,,0.45742955666229496,-0.014170839896150679,0.14578094630340446,0.09033573508607873,0.07597674005351271,0.4236771561559498,0.8977157861135231,1228,1652332957,310724833,,"['waist', 'shoulder', 'elbow', 'forearm_roll', 'wrist_angle', 'wrist_rotate', 'gripper', 'left_finger', 'right_finger']","(-0.012271846644580364, -0.23930101096630096, 0.8559613227844238, 0.026077674701809883, -0.35895150899887085, 0.08743690699338913, -0.2592427730560303, 0.0162323210388422, -0.0162323210388422)","(0.0, 0.0, 0.0, 0.0, 0.0, 0.0, 0.0, 0.0, 0.0)","(0.0, 0.0, -2.690000057220459, 0.0, 0.0, 0.0, -2.690000057220459, 0.0, 0.0)"
1652332957.4789443,2,0,0,,175,1652332957,367574692,wx250s/base_link,0,1652332957.3675747,0,0,0,0,,0.4572935967939308,-0.010735899241252624,0.13799673529829398,0.08256787649483856,0.0628460369983372,0.42975860675020683,0.8969617947988966,175,1652332957,365496397,wx250s/base_link,0,1652332957.3654964,0,0,0,0,,0.4561708875095922,-0.015410070596730212,0.15070409457753886,0.11721754511540138,0.09452105184348093,0.42183748434784646,0.8940799487040302,174,1652332957,349031210,wx250s/base_link,0,1652332957.3490312,0,0,0,0,,0.46077284473340907,-0.015637366174710544,0.14551480950690365,0.06275488820892398,0.07590940548283782,0.4313549430972386,0.8967901087939729,0,0,0,,0,1652332957.3607008,0,0,0,0,,0.45807910967897736,-0.013927778670897792,0.14473854646091217,0.08751343660638798,0.07775883144155199,0.42765034473176394,0.8959439507656333,1232,1652332957,349051373,,"['waist', 'shoulder', 'elbow', 'forearm_roll', 'wrist_angle', 'wrist_rotate', 'gripper', 'left_finger', 'right_finger']","(-0.012271846644580364, -0.23930101096630096, 0.8559613227844238, 0.026077674701809883, -0.35895150899887085, 0.08743690699338913, -0.2592427730560303, 0.0162323210388422, -0.0162323210388422)","(0.0, 0.0, 0.0, 0.0, 0.0, 0.0, 0.0, 0.0, 0.0)","(0.0, 0.0, -2.690000057220459, 0.0, 0.0, 0.0, -2.690000057220459, 0.0, 0.0)"
1652332957.5187762,3,0,0,,176,1652332957,401087999,wx250s/base_link,0,1652332957.401088,0,0,0,0,,0.45547284476935956,-0.010535123471035341,0.1395006022492667,0.08266859869493391,0.069022424879001,0.4268869680743061,0.8978693246469472,176,1652332957,399044991,wx250s/base_link,0,1652332957.399045,0,0,0,0,,0.45580807921104766,-0.015341432424986132,0.14990960692666722,0.10006100913395471,0.1163470152364626,0.42116018509336434,0.8939100989410423,175,1652332957,382640362,wx250s/base_link,0,1652332957.3826404,0,0,0,0,,0.4601836269164785,-0.015523334341758767,0.14468238976899245,0.06695391264107088,0.07445040214825625,0.4329690835067975,0.8958303879246889,0,0,0,,0,1652332957.3942578,0,0,0,0,,0.4571548502989619,-0.013799963412593414,0.14469753298164212,0.08322784015665317,0.08660661408790661,0.42700541222482263,0.8958699371708928,1236,1652332957,390005152,,"['waist', 'shoulder', 'elbow', 'forearm_roll', 'wrist_angle', 'wrist_rotate', 'gripper', 'left_finger', 'right_finger']","(-0.012271846644580364, -0.23930101096630096, 0.8574953079223633, 0.026077674701809883, -0.3604854941368103, 0.08743690699338913, -0.2592427730560303, 0.0162323210388422, -0.0162323210388422)","(0.0, 0.0, 0.0, 0.0, 0.0, 0.0, 0.0, 0.0, 0.0)","(0.0, 0.0, -2.690000057220459, 0.0, 0.0, 0.0, -2.690000057220459, 0.0, 0.0)"
1652332957.5588555,4,0,0,,177,1652332957,434599876,wx250s/base_link,0,1652332957.4345999,0,0,0,0,,0.45631605527810504,-0.010331508240854872,0.1379809745949266,0.08214006919867722,0.06401885319955851,0.4307744225757557,0.8964306957716108,177,1652332957,432593584,wx250s/base_link,0,1652332957.4325936,0,0,0,0,,0.45582815363655615,-0.014988772274299393,0.1519680079674851,0.1361162244729039,0.08283070324913396,0.4129206887903967,0.8967206659843189,176,1652332957,416251659,wx250s/base_link,0,1652332957.4162517,0,0,0,0,,0.46060243471470513,-0.015325484741156574,0.1453335454001471,0.06765448988440635,0.0695605008391556,0.42968892696699346,0.8977480898133063,0,0,0,,0,1652332957.4278152,0,0,0,0,,0.4575822145431221,-0.013548588418770281,0.14509417598751959,0.0953035945186625,0.07213668576261602,0.42446134611104863,0.8969664838564121,1240,1652332957,429099456,,"['waist', 'shoulder', 'elbow', 'forearm_roll', 'wrist_angle', 'wrist_rotate', 'gripper', 'left_finger', 'right_finger']","(-0.012271846644580364, -0.23930101096630096, 0.8574953079223633, 0.026077674701809883, -0.35895150899887085, 0.08743690699338913, -0.2592427730560303, 0.0162323210388422, -0.0162323210388422)","(0.0, 0.0, 0.0, 0.0, 0.0, 0.0, 0.0, 0.0, 0.0)","(0.0, 0.0, -2.690000057220459, 0.0, 0.0, 0.0, -2.690000057220459, 0.0, 0.0)"
1652332957.5791576,5,0,0,,178,1652332957,468110800,wx250s/base_link,0,1652332957.4681108,0,0,0,0,,0.4549447709453347,-0.010168585978506372,0.1391367926206919,0.08144295143022727,0.06778235679505405,0.4285864508537679,0.8972659872714513,178,1652332957,466142178,wx250s/base_link,0,1652332957.4661422,0,0,0,0,,0.45558017120367095,-0.015026982993223442,0.14919341076383508,0.1074455456270339,0.10442801575800223,0.4244550042964842,0.8929659532017037,177,1652332957,449865341,wx250s/base_link,0,1652332957.4498653,0,0,0,0,,0.4597914893856715,-0.015240172415133924,0.1441813904590588,0.0666990423754943,0.07402174750357274,0.43045565778014977,0.8970952821901184,0,0,0,,0,1652332957.4613726,0,0,0,0,,0.4567721438448924,-0.013478580462287913,0.14417053128119525,0.08519584647758516,0.08207737335220967,0.4278323709768006,0.8957757408877578,1242,1652332957,449740735,,"['waist', 'shoulder', 'elbow', 'forearm_roll', 'wrist_angle', 'wrist_rotate', 'gripper', 'left_finger', 'right_finger']","(-0.012271846644580364, -0.2377670258283615, 0.8590292930603027, 0.02454369328916073, -0.35895150899887085, 0.08743690699338913, -0.2592427730560303, 0.0162323210388422, -0.0162323210388422)","(0.0, 0.0, 0.0, 0.0, 0.0, 0.0, 0.0, 0.0, 0.0)","(0.0, 0.0, -2.690000057220459, 0.0, 0.0, 0.0, -2.690000057220459, 0.0, 0.0)"
1652332957.6190002,6,0,0,,179,1652332957,501620770,wx250s/base_link,0,1652332957.5016208,0,0,0,0,,0.45659638318964724,-0.009832495552880622,0.1354415405662724,0.0803355373802165,0.06475399772847015,0.42948125685440586,0.8971616193433449,179,1652332957,499691010,wx250s/base_link,0,1652332957.499691,0,0,0,0,,0.45498181734434345,-0.01478968188956279,0.14701349208664527,0.09692211955906073,0.10603209939921905,0.422654564619691,0.8948331775494874,178,1652332957,483480930,wx250s/base_link,0,1652332957.483481,0,0,0,0,,0.4596423602980969,-0.014955745136364045,0.14346690994581945,0.06585402983042618,0.06945911765547869,0.4295306242166219,0.8979655453243709,0,0,0,,0,1652332957.494931,0,0,0,0,,0.45707352027736253,-0.013192640859602485,0.1419739808662457,0.08103722892323446,0.08008173826105597,0.42722214856357293,0.8966534474057344,1246,1652332957,489239116,,"['waist', 'shoulder', 'elbow', 'forearm_roll', 'wrist_angle', 'wrist_rotate', 'gripper', 'left_finger', 'right_finger']","(-0.010737866163253784, -0.23930101096630096, 0.8620972037315369, 0.023009711876511574, -0.35895150899887085, 0.08743690699338913, -0.2592427730560303, 0.0162323210388422, -0.0162323210388422)","(0.0, 0.0, 0.023980824276804924, -0.023980824276804924, 0.0, 0.0, 0.0, 0.0, 0.0)","(0.0, 0.0, -2.690000057220459, 0.0, 0.0, 0.0, -2.690000057220459, 0.0, 0.0)"
1652332957.6387775,7,0,0,,181,1652332957,568637371,wx250s/base_link,0,1652332957.5686374,0,0,0,0,,0.4546416517822336,-0.008932287781107271,0.1285331506089472,0.08323692775941834,0.06814215193995299,0.4308911973426502,0.8959693281797001,180,1652332957,550014496,wx250s/base_link,0,1652332957.5500145,0,0,0,0,,0.4538093460120509,-0.014063155837506149,0.14340453763774696,0.09207271096399113,0.11676537910974898,0.42410833388600855,0.8933199780960526,180,1652332957,567529917,wx250s/base_link,0,1652332957.56753,0,0,0,0,,0.45620216897406574,-0.014079643690154173,0.13219776212660145,0.06040289765499162,0.08768919014398292,0.4362229422179816,0.8935164467257783,0,0,0,,0,1652332957.5620606,0,0,0,0,,0.45488438892278343,-0.012358362436255864,0.13471181679109853,0.07857084545946703,0.09086557373122829,0.43040749114888005,0.8942685843338437,1252,1652332957,549213711,,"['waist', 'shoulder', 'elbow', 'forearm_roll', 'wrist_angle', 'wrist_rotate', 'gripper', 'left_finger', 'right_finger']","(-0.010737866163253784, -0.2346990704536438, 0.8636311888694763, 0.016873789951205254, -0.35895150899887085, 0.08743690699338913, -0.2592427730560303, 0.0162323210388422, -0.0162323210388422)","(0.0, 0.023980824276804924, 0.04796164855360985, -0.04796164855360985, 0.0, 0.0, 0.0, 0.0, 0.0)","(0.0, 0.0, -2.690000057220459, 0.0, 0.0, 0.0, -2.690000057220459, 0.0, 0.0)"
1652332957.699621,8,0,0,,182,1652332957,602158308,wx250s/base_link,0,1652332957.6021583,0,0,0,0,,0.4536173031474363,-0.009159878371767424,0.12192419636006002,0.09784523658993433,0.08812836107897602,0.427747131426247,0.8942550493046211,182,1652332957,617113113,wx250s/base_link,0,1652332957.617113,0,0,0,0,,0.45244648340544,-0.01489632636258717,0.1333340808368053,0.13358278913814753,0.1399081129060633,0.41699247203683254,0.8880870659196366,182,1652332957,617965937,wx250s/base_link,0,1652332957.617966,0,0,0,0,,0.45801772310226546,-0.015056876127969299,0.12985394044650594,0.10441037601808283,0.11256174130343041,0.42939317388261905,0.8899718141590288,0,0,0,,0,1652332957.6124125,0,0,0,0,,0.4546938365517139,-0.01303769362077463,0.1283707392144571,0.11194613391538823,0.11353273842948992,0.4247109257818995,0.8907713097944288,1258,1652332957,611545179,,"['waist', 'shoulder', 'elbow', 'forearm_roll', 'wrist_angle', 'wrist_rotate', 'gripper', 'left_finger', 'right_finger']","(-0.00920388475060463, -0.22549518942832947, 0.8743690848350525, 0.015339808538556099, -0.3635534644126892, 0.09357283264398575, -0.2592427730560303, 0.0162323210388422, -0.0162323210388422)","(0.0, 0.11990412324666977, 0.11990412324666977, -0.0959232971072197, 0.0, 0.07194247096776962, 0.0, 0.0, 0.0)","(0.0, 0.0, -2.690000057220459, 0.0, 0.0, -2.690000057220459, -2.690000057220459, 0.0, 0.0)"
1652332957.7390993,9,0,0,,183,1652332957,635716915,-1,0,0.0,0,0,0,0,,0.0,0.0,0.0,0.0,0.0,0.0,0.0,183,1652332957,650662422,wx250s/base_link,0,1652332957.6506624,0,0,0,0,,0.45867989741405774,-0.01663422652563526,0.1539737209866846,0.13349075907861946,0.11635178604036014,0.4180104617996701,0.8910161238450508,183,1652332957,651592493,wx250s/base_link,0,1652332957.6515925,0,0,0,0,,0.46035464337285387,-0.018235109395876102,0.15308941506644114,0.11148844592158594,0.056096206455466466,0.42524890725020137,0.8964300914905775,0,0,0,,0,1652332957.6511273,0,0,0,0,,0.4595172703934558,-0.01743466796075568,0.15353156802656287,0.1224896025001027,0.0862239962479133,0.42162968452493577,0.8937231076678142,1262,1652332957,649000455,,"['waist', 'shoulder', 'elbow', 'forearm_roll', 'wrist_angle', 'wrist_rotate', 'gripper', 'left_finger', 'right_finger']","(-0.012271846644580364, -0.22242721915245056, 0.8805050253868103, 0.019941750913858414, -0.3773592710494995, 0.10124273598194122, -0.2577087879180908, 0.016249334439635277, -0.016249334439635277)","(0.0, 0.14388494193553925, 0.21582742035388947, 0.023980824276804924, -0.14388494193553925, 0.1918465942144394, 0.0, 0.0, 0.0)","(0.0, 0.0, -2.690000057220459, 0.0, 0.0, -26.900001525878906, -2.690000057220459, 0.0, 0.0)"
1652332957.7787123,10,0,0,,184,1652332957,669275045,-1,0,0.0,0,0,0,0,,0.0,0.0,0.0,0.0,0.0,0.0,0.0,184,1652332957,684211969,wx250s/base_link,0,1652332957.684212,0,0,0,0,,0.46684141140054614,-0.020819767163539074,0.19986518419235844,0.09419348115410299,0.034102148916182566,0.4241743606518496,0.9000226348892372,184,1652332957,685221434,-1,0,0.0,0,0,0,0,,0.0,0.0,0.0,0.0,0.0,0.0,0.0,0,0,0,,0,1652332957.684212,0,0,0,0,,0.46684141140054614,-0.020819767163539074,0.19986518419235844,0.09419348115410299,0.034102148916182566,0.4241743606518496,0.9000226348892372,1264,1652332957,669001405,,"['waist', 'shoulder', 'elbow', 'forearm_roll', 'wrist_angle', 'wrist_rotate', 'gripper', 'left_finger', 'right_finger']","(-0.015339808538556099, -0.22856314480304718, 0.8743690848350525, 0.02147573232650757, -0.3942330777645111, 0.0951068103313446, -0.2592427730560303, 0.0162323210388422, -0.0162323210388422)","(-0.023980824276804924, 0.07194247096776962, 0.11990412324666977, 0.0959232971072197, -0.2877698838710785, 0.0959232971072197, 0.0, 0.0, 0.0)","(0.0, 0.0, -2.690000057220459, 0.0, 0.0, -37.65999984741211, -2.690000057220459, 0.0, 0.0)"
1652332957.8186316,11,0,0,,186,1652332957,736390591,-1,0,0.0,0,0,0,0,,0.0,0.0,0.0,0.0,0.0,0.0,0.0,186,1652332957,751311302,wx250s/base_link,0,1652332957.7513113,0,0,0,0,,0.4678404086975199,-0.024543168212935694,0.3034716786627052,-0.10611365952001867,-0.16445661996703337,0.4320653764696254,0.8803484661589689,185,1652332957,735668659,-1,0,0.0,0,0,0,0,,0.0,0.0,0.0,0.0,0.0,0.0,0.0,0,0,0,,0,1652332957.7513113,0,0,0,0,,0.4678404086975199,-0.024543168212935694,0.3034716786627052,-0.10611365952001867,-0.16445661996703337,0.4320653764696254,0.8803484661589689,1272,1652332957,748985875,,"['waist', 'shoulder', 'elbow', 'forearm_roll', 'wrist_angle', 'wrist_rotate', 'gripper', 'left_finger', 'right_finger']","(-0.03681553900241852, -0.3466796576976776, 0.8022719621658325, -0.003067961661145091, -0.5460971593856812, 0.061359234154224396, -0.2592427730560303, 0.0162323210388422, -0.0162323210388422)","(-0.23980824649333954, -1.318945288658142, -0.8633096814155579, -0.21582742035388947, -1.774580955505371, -0.33573153614997864, 0.0, 0.0, 0.0)","(0.0, 0.0, -2.690000057220459, 0.0, 0.0, 69.94000244140625, -2.690000057220459, 0.0, 0.0)"
1652332957.8596509,12,0,0,,188,1652332957,803504705,wx250s/base_link,0,1652332957.8035047,0,0,0,0,,0.4507211073201286,-0.02377701246805563,0.3660878321903972,-0.282729060754747,-0.3058990391512177,0.3877161285141728,0.8222932930172068,187,1652332957,784861088,wx250s/base_link,0,1652332957.784861,0,0,0,0,,0.46582670151223327,-0.02536419541848172,0.3435165115263412,-0.21779907759811584,-0.2800158805512261,0.4121575933667016,0.8392143865942124,187,1652332957,802939415,-1,0,0.0,0,0,0,0,,0.0,0.0,0.0,0.0,0.0,0.0,0.0,0,0,0,,0,1652332957.7941828,0,0,0,0,,0.45827390441618093,-0.024570603943268675,0.3548021718583692,-0.2502640691764314,-0.2929574598512219,0.39993686094043723,0.8307538398057096,1276,1652332957,788987813,,"['waist', 'shoulder', 'elbow', 'forearm_roll', 'wrist_angle', 'wrist_rotate', 'gripper', 'left_finger', 'right_finger']","(-0.05368933081626892, -0.3850291967391968, 0.79460209608078, -0.030679617077112198, -0.5798447728157043, 0.04601942375302315, -0.2577087879180908, 0.016249334439635277, -0.016249334439635277)","(-0.3597123622894287, -1.3429261445999146, -0.6714630722999573, -0.455635666847229, -1.5587536096572876, -0.3836931884288788, 0.0, 0.0, 0.0)","(0.0, 0.0, -2.690000057220459, 0.0, 0.0, 102.22000122070312, -2.690000057220459, 0.0, 0.0)"
1652332957.9186792,13,0,0,,189,1652332957,837061167,wx250s/base_link,0,1652332957.8370612,0,0,0,0,,0.4477206259194335,-0.025577926845212075,0.3888877347319631,-0.34115139109045417,-0.4793026782353617,0.3740469749868319,0.7169194735091645,188,1652332957,818382025,wx250s/base_link,0,1652332957.818382,0,0,0,0,,0.4637428265647894,-0.02698063812979319,0.3705319914187374,-0.3166537783156897,-0.3882418726172367,0.3815103895682448,0.7768194485699658,188,1652332957,819758654,-1,0,0.0,0,0,0,0,,0.0,0.0,0.0,0.0,0.0,0.0,0.0,0,0,0,,0,1652332957.8277216,0,0,0,0,,0.45573172624211145,-0.026279282487502633,0.37970986307535026,-0.32890258470307193,-0.4337722754262992,0.37777868227753836,0.7468694610395652,1280,1652332957,829045519,,"['waist', 'shoulder', 'elbow', 'forearm_roll', 'wrist_angle', 'wrist_rotate', 'gripper', 'left_finger', 'right_finger']","(-0.06902913749217987, -0.4080389142036438, 0.8068739175796509, -0.052155349403619766, -0.5737088322639465, 0.02454369328916073, -0.2592427730560303, 0.0162323210388422, -0.0162323210388422)","(-0.40767401456832886, -0.8633096814155579, -0.04796164855360985, -0.5995206236839294, -0.5515589714050293, -0.455635666847229, 0.0, 0.0, 0.0)","(0.0, 0.0, -2.690000057220459, 0.0, 0.0, 126.43000030517578, -5.380000114440918, 0.0, 0.0)"
1652332957.9595773,14,0,0,,190,1652332957,870617390,wx250s/base_link,0,1652332957.8706174,0,0,0,0,,0.44390668143067546,-0.027234712865340058,0.4014155659203055,-0.4463711757731158,-0.5558793168205801,0.30848188306812296,0.6297538299913358,190,1652332957,885762691,-1,0,0.0,0,0,0,0,,0.0,0.0,0.0,0.0,0.0,0.0,0.0,189,1652332957,870147228,wx250s/base_link,0,1652332957.8701472,0,0,0,0,,0.46349267562061625,-0.03058938537888998,0.40159522479059684,-0.4579203036746241,-0.5825464924101587,0.2820118269824973,0.6094406526522129,0,0,0,,0,1652332957.8703823,0,0,0,0,,0.45369967852564586,-0.028912049122115018,0.40150539535545116,-0.45214573972386995,-0.5692129046153693,0.2952468550253101,0.6195972413217743,1284,1652332957,868988530,,"['waist', 'shoulder', 'elbow', 'forearm_roll', 'wrist_angle', 'wrist_rotate', 'gripper', 'left_finger', 'right_finger']","(-0.08743690699338913, -0.4141748249530792, 0.8237476944923401, -0.061359234154224396, -0.5629709362983704, 0.010737866163253784, -0.2577087879180908, 0.016249334439635277, -0.016249334439635277)","(-0.40767401456832886, -0.455635666847229, 0.31175071001052856, -0.43165484070777893, 0.11990412324666977, -0.3836931884288788, 0.0, 0.0, 0.0)","(0.0, 0.0, -2.690000057220459, 0.0, 0.0, 150.63999938964844, -5.380000114440918, 0.0, 0.0)"
1652332958.0034597,15,0,0,,191,1652332957,904173374,wx250s/base_link,0,1652332957.9041734,0,0,0,0,,0.44909486382921415,-0.030175680795973693,0.39825015117402623,-0.5259877514174601,-0.6265872549003125,0.24593449387129993,0.5198475950502827,191,1652332957,919457674,wx250s/base_link,0,1652332957.9194577,0,0,0,0,,0.46333147031756783,-0.030363206759924294,0.40086383616270455,0.5344279140993371,0.6497644050664526,-0.2334681523387466,-0.4875301471535915,191,1652332957,920502186,wx250s/base_link,0,1652332957.9205022,0,0,0,0,,0.4689805097055225,-0.0325899300777563,0.40032868056436177,0.5508644969182992,0.6575813798527023,-0.21072681637285848,-0.468752860009755,0,0,0,,0,1652332957.914711,0,0,0,0,,0.4604689479507682,-0.031042939211218094,0.39981422263369754,0.18643488653339205,0.22691951000628077,-0.06608682494676839,-0.14547847070435463,1288,1652332957,908999965,,"['waist', 'shoulder', 'elbow', 'forearm_roll', 'wrist_angle', 'wrist_rotate', 'gripper', 'left_finger', 'right_finger']","(-0.09817477315664291, -0.4080389142036438, 0.8329516053199768, -0.05675728991627693, -0.5614370107650757, 0.006135923322290182, -0.2577087879180908, 0.016249334439635277, -0.016249334439635277)","(-0.3597123622894287, -0.07194247096776962, 0.33573153614997864, -0.11990412324666977, 0.16786576807498932, -0.16786576807498932, 0.0, 0.0, 0.0)","(0.0, 0.0, -2.690000057220459, 0.0, 0.0, 142.57000732421875, -8.069999694824219, 0.0, 0.0)"
1652332958.0476797,16,0,0,,193,1652332957,971284151,-1,0,0.0,0,0,0,0,,0.0,0.0,0.0,0.0,0.0,0.0,0.0,192,1652332957,953156471,wx250s/base_link,0,1652332957.9531565,0,0,0,0,,0.4638589423177094,-0.03215681376145034,0.3901995923533499,0.5835208610070439,0.704350805610143,-0.17285872598202606,-0.3653945925404639,192,1652332957,970859528,wx250s/base_link,0,1652332957.9708595,0,0,0,0,,0.4579615523832343,-0.04012170543075939,0.3620235865934519,0.6044435946279834,0.7561495517284141,-0.13397037371574722,-0.21198522425061533,0,0,0,,0,1652332957.962008,0,0,0,0,,0.46091024735047187,-0.03613925959610487,0.3761115894734009,0.5939822278175136,0.7302501786692785,-0.15341454984888664,-0.28868990839553965,1294,1652332957,968990481,,"['waist', 'shoulder', 'elbow', 'forearm_roll', 'wrist_angle', 'wrist_rotate', 'gripper', 'left_finger', 'right_finger']","(-0.09970875084400177, -0.37889325618743896, 0.8344855904579163, -0.0475534051656723, -0.5629709362983704, 0.0015339808305725455, -0.2592427730560303, 0.0162323210388422, -0.0162323210388422)","(-0.0959232971072197, 0.33573153614997864, 0.07194247096776962, 0.11990412324666977, 0.0, -0.0959232971072197, 0.0, 0.0, 0.0)","(0.0, 0.0, -2.690000057220459, 0.0, 0.0, 86.08000183105469, -8.069999694824219, 0.0, 0.0)"
1652332958.098642,17,0,0,,194,1652332958,4838943,-1,0,0.0,0,0,0,0,,0.0,0.0,0.0,0.0,0.0,0.0,0.0,194,1652332958,20563602,wx250s/base_link,0,1652332958.0205636,0,0,0,0,,0.4642321666566989,-0.0391824005648619,0.3284674619389553,0.6381619026518216,0.7599907303333839,-0.06875279528813655,-0.1021593311998687,193,1652332958,4432201,-1,0,0.0,0,0,0,0,,0.0,0.0,0.0,0.0,0.0,0.0,0.0,0,0,0,,0,1652332958.0205636,0,0,0,0,,0.4642321666566989,-0.0391824005648619,0.3284674619389553,0.6381619026518216,0.7599907303333839,-0.06875279528813655,-0.1021593311998687,1298,1652332958,9107336,,"['waist', 'shoulder', 'elbow', 'forearm_roll', 'wrist_angle', 'wrist_rotate', 'gripper', 'left_finger', 'right_finger']","(-0.09817477315664291, -0.35588353872299194, 0.8252816796302795, -0.04448544234037399, -0.5629709362983704, 0.0015339808305725455, -0.2577087879180908, 0.016249334439635277, -0.016249334439635277)","(0.0, 0.5275781154632568, -0.0959232971072197, 0.0959232971072197, 0.0, 0.0, 0.0, 0.0, 0.0)","(0.0, 0.0, -2.690000057220459, 0.0, 0.0, 59.18000030517578, -5.380000114440918, 0.0, 0.0)"
1652332958.1199784,18,0,0,,195,1652332958,38393497,-1,0,0.0,0,0,0,0,,0.0,0.0,0.0,0.0,0.0,0.0,0.0,195,1652332958,54272413,wx250s/base_link,0,1652332958.0542724,0,0,0,0,,0.4654510026031695,-0.04464104022574672,0.2787693507717066,0.6334400866081769,0.7657746978461807,-0.009487560571702192,0.11069216327642357,194,1652332958,38005590,-1,0,0.0,0,0,0,0,,0.0,0.0,0.0,0.0,0.0,0.0,0.0,0,0,0,,0,1652332958.0542724,0,0,0,0,,0.4654510026031695,-0.04464104022574672,0.2787693507717066,0.6334400866081769,0.7657746978461807,-0.009487560571702192,0.11069216327642357,1302,1652332958,49058179,,"['waist', 'shoulder', 'elbow', 'forearm_roll', 'wrist_angle', 'wrist_rotate', 'gripper', 'left_finger', 'right_finger']","(-0.09817477315664291, -0.34207773208618164, 0.8283496499061584, -0.04295146465301514, -0.5583690404891968, 0.006135923322290182, -0.2577087879180908, 0.016249334439635277, -0.016249334439635277)","(0.0, 0.4796164929866791, -0.07194247096776962, 0.04796164855360985, 0.023980824276804924, 0.07194247096776962, 0.0, 0.0, 0.0)","(0.0, 0.0, -2.690000057220459, 0.0, 0.0, 32.279998779296875, -5.380000114440918, 0.0, 0.0)"
1652332958.1635575,19,0,0,,196,1652332958,71947813,-1,0,0.0,0,0,0,0,,0.0,0.0,0.0,0.0,0.0,0.0,0.0,196,1652332958,87984562,wx250s/base_link,0,1652332958.0879846,0,0,0,0,,0.45760383926356213,-0.04433440147191407,0.23682766284146828,0.6394995123121828,0.760168074502634,-0.08326381675551969,-0.07906964701288084,195,1652332958,71579933,wx250s/base_link,0,1652332958.07158,0,0,0,0,,0.46309652786060634,-0.046640706937913175,0.2436281146265578,0.6381111235228095,0.768718555593563,-0.04332677875580098,-0.0029608386058720764,0,0,0,,0,1652332958.0797822,0,0,0,0,,0.46035018356208424,-0.04548755420491363,0.24022788873401305,0.6388053179174962,0.7644433150480985,-0.06329529775566034,-0.04101524280937646,1306,1652332958,88988626,,"['waist', 'shoulder', 'elbow', 'forearm_roll', 'wrist_angle', 'wrist_rotate', 'gripper', 'left_finger', 'right_finger']","(-0.09817477315664291, -0.3528155982494354, 0.849825382232666, -0.03834952041506767, -0.5553010702133179, 0.00920388475060463, -0.2592427730560303, 0.0162323210388422, -0.0162323210388422)","(0.0, 0.14388494193553925, 0.1918465942144394, 0.04796164855360985, 0.04796164855360985, 0.07194247096776962, 0.0, 0.0, 0.0)","(0.0, 0.0, -2.690000057220459, 0.0, 0.0, 5.380000114440918, -5.380000114440918, 0.0, 0.0)"
1652332958.20759,20,0,0,,197,1652332958,105501413,wx250s/base_link,0,1652332958.1055014,0,0,0,0,,0.45029250794942677,-0.038745456596239534,0.2148258733413559,0.6426328602822551,0.7652691566048471,-0.010608792073508545,-0.03568722972569658,197,1652332958,121700048,wx250s/base_link,0,1652332958.1217,0,0,0,0,,0.44828808255852237,-0.03957496361232332,0.22446319035701412,0.6294256936833728,0.7766059941582548,-0.011526987513104167,-0.02394899846646159,197,1652332958,121942997,wx250s/base_link,0,1652332958.121943,0,0,0,0,,0.4492300410195284,-0.0402010896796463,0.21964095920857568,0.6249798157715822,0.7795869954928403,0.0068814940450856055,0.03996237450744063,0,0,0,,0,1652332958.1163814,0,0,0,0,,0.4492702105091592,-0.03950716996273639,0.2196433409689819,0.6323461232457367,0.7738207154186473,-0.005084761847175702,-0.0065579512282391795,1308,1652332958,109007169,,"['waist', 'shoulder', 'elbow', 'forearm_roll', 'wrist_angle', 'wrist_rotate', 'gripper', 'left_finger', 'right_finger']","(-0.09664079546928406, -0.3635534644126892, 0.8620972037315369, -0.03528155758976936, -0.5460971593856812, 0.012271846644580364, -0.2577087879180908, 0.016249334439635277, -0.016249334439635277)","(0.0, -0.04796164855360985, 0.3597123622894287, 0.0959232971072197, 0.0959232971072197, 0.0959232971072197, 0.0, 0.0, 0.0)","(0.0, 0.0, -2.690000057220459, 0.0, 0.0, -2.690000057220459, -5.380000114440918, 0.0, 0.0)"
1652332958.2514298,21,0,0,,198,1652332958,139055014,wx250s/base_link,0,1652332958.139055,0,0,0,0,,0.4410558937890624,-0.03385576552301529,0.2141252922944964,0.623862055740662,0.7790293607847623,0.03301419777262714,0.05309852340460948,198,1652332958,155418634,wx250s/base_link,0,1652332958.1554186,0,0,0,0,,0.4398977543443765,-0.03484331882069071,0.22223165737752698,0.6160863561988138,0.7857140625652552,0.031120332172299703,0.046071016033473584,198,1652332958,155519724,wx250s/base_link,0,1652332958.1555197,0,0,0,0,,0.44087756191992106,-0.0346151334734446,0.21739920834479576,0.6124576590772053,0.7854466761978839,0.06832312294123398,0.05745507426610511,0,0,0,,0,1652332958.1499977,0,0,0,0,,0.44061040335112,-0.03443807260571687,0.21791871933893972,0.6174686903388937,0.7833966998493005,0.04415255096205361,0.05220820456806272,1312,1652332958,148969193,,"['waist', 'shoulder', 'elbow', 'forearm_roll', 'wrist_angle', 'wrist_rotate', 'gripper', 'left_finger', 'right_finger']","(-0.08436894416809082, -0.38196122646331787, 0.9096506237983704, -0.023009711876511574, -0.5092816352844238, 0.016873789951205254, -0.2592427730560303, 0.0162323210388422, -0.0162323210388422)","(0.0959232971072197, -0.40767401456832886, 0.7434055805206299, 0.1918465942144394, 0.5035973191261292, 0.0959232971072197, 0.0, 0.0, 0.0)","(0.0, 0.0, -2.690000057220459, 0.0, 0.0, -21.520000457763672, -5.380000114440918, 0.0, 0.0)"
1652332958.2956028,22,0,0,,199,1652332958,172608137,wx250s/base_link,0,1652332958.1726081,0,0,0,0,,0.43406192334622795,-0.028403212452760215,0.20765601505669679,0.6102144214519842,0.7889742052692076,0.06573978123055806,0.028919620253403076,199,1652332958,189140797,wx250s/base_link,0,1652332958.1891408,0,0,0,0,,0.4302129822424716,-0.029996943238765686,0.21334169062525554,0.6047153275571194,0.7964005752973712,0.004272067772380026,-0.006873552243941862,199,1652332958,189097166,wx250s/base_link,0,1652332958.1890972,0,0,0,0,,0.43113812010329655,-0.02997954607917242,0.20637344582336825,0.6011484356792681,0.7984632235733519,0.027682387926640496,0.017627373028886405,0,0,0,,0,1652332958.1836154,0,0,0,0,,0.431804341897332,-0.029459900590232773,0.20912371716844022,0.6053593948961239,0.7946126680466435,0.03256474564319286,0.013224480346115874,1316,1652332958,188953142,,"['waist', 'shoulder', 'elbow', 'forearm_roll', 'wrist_angle', 'wrist_rotate', 'gripper', 'left_finger', 'right_finger']","(-0.06749515980482101, -0.40650492906570435, 0.9618059992790222, -0.013805827125906944, -0.48166999220848083, 0.019941750913858414, -0.2577087879180908, 0.016249334439635277, -0.016249334439635277)","(0.31175071001052856, -0.5035973191261292, 1.1990412473678589, 0.2637890577316284, 0.7913671731948853, 0.04796164855360985, 0.0, 0.0, 0.0)","(0.0, 0.0, -2.690000057220459, 0.0, 0.0, -26.900001525878906, -5.380000114440918, 0.0, 0.0)"
1652332958.3394437,23,0,0,,200,1652332958,206160784,wx250s/base_link,0,1652332958.2061608,0,0,0,0,,0.427191607049656,-0.024075663286828697,0.19246709473803575,0.6012105468569595,0.7990799128470101,-0.0023473769058026165,-0.0034148285510106446,200,1652332958,222866535,wx250s/base_link,0,1652332958.2228665,0,0,0,0,,0.419475331570776,-0.027750604546747437,0.20309471441713017,0.5764434165496419,0.7951056300322296,-0.18582198856947132,-0.03146765278368606,200,1652332958,222675562,wx250s/base_link,0,1652332958.2226756,0,0,0,0,,0.42133985550568737,-0.02558904111264198,0.1944748862653179,0.5888395765572052,0.8081541524150231,-0.0019431787329978478,-0.012289958124365221,0,0,0,,0,1652332958.2172344,0,0,0,0,,0.4226689313753731,-0.025805102982072708,0.19667889847349462,0.5888311799879355,0.8007798984314208,-0.06337084806942393,-0.015724146486353976,1318,1652332958,208995252,,"['waist', 'shoulder', 'elbow', 'forearm_roll', 'wrist_angle', 'wrist_rotate', 'gripper', 'left_finger', 'right_finger']","(-0.058291271328926086, -0.42031073570251465, 0.9832817316055298, -0.006135923322290182, -0.48166999220848083, 0.02147573232650757, -0.2592427730560303, 0.0162323210388422, -0.0162323210388422)","(0.3597123622894287, -0.5515589714050293, 1.2709836959838867, 0.2637890577316284, 0.6714630722999573, 0.0959232971072197, 0.0, 0.0, 0.0)","(0.0, 0.0, -2.690000057220459, 0.0, 0.0, -26.900001525878906, -5.380000114440918, 0.0, 0.0)"
1652332958.3394558,24,0,0,,201,1652332958,239713430,wx250s/base_link,0,1652332958.2397134,0,0,0,0,,0.41574056023956263,-0.019262887804222383,0.18671775220629672,0.5884174576644516,0.8082339675334438,0.002646843619203461,-0.022709985902837876,201,1652332958,256595135,wx250s/base_link,0,1652332958.2565951,0,0,0,0,,0.41153639031844746,-0.021120663655493824,0.19966274408396978,0.5845107483415268,0.8107938076740807,-0.01626359200855026,-0.026383367593500354,201,1652332958,256254911,wx250s/base_link,0,1652332958.256255,0,0,0,0,,0.4101149041291793,-0.021654329805396645,0.19123238094360756,0.5852004033448697,0.8107741057487429,0.011666943488257244,-0.007051226983310626,0,0,0,,0,1652332958.2508545,0,0,0,0,,0.41246395156239646,-0.020679293755037617,0.19253762574462466,0.5860428697836161,0.8099339603187558,-0.0006499349670298522,-0.01871486015988295,1322,1652332958,248973507,,"['waist', 'shoulder', 'elbow', 'forearm_roll', 'wrist_angle', 'wrist_rotate', 'gripper', 'left_finger', 'right_finger']","(-0.05062136799097061, -0.4724660813808441, 1.026233196258545, 0.003067961661145091, -0.48166999220848083, 0.026077674701809883, -0.2592427730560303, 0.0162323210388422, -0.0162323210388422)","(0.33573153614997864, -0.8393288254737854, 1.127098798751831, 0.23980824649333954, 0.16786576807498932, 0.0959232971072197, 0.0, 0.0, 0.0)","(0.0, 0.0, -2.690000057220459, 0.0, 0.0, -29.59000015258789, -5.380000114440918, 0.0, 0.0)"
1652332958.387669,25,0,0,,202,1652332958,273265362,wx250s/base_link,0,1652332958.2732654,0,0,0,0,,0.4037960532163123,-0.01568437657033963,0.18809725268891808,0.5847196042372692,0.8111477730706089,0.007285724489620795,-0.00944419831772874,202,1652332958,290327311,wx250s/base_link,0,1652332958.2903273,0,0,0,0,,0.40020007307180294,-0.017991719785832576,0.2006690993190623,0.5833295947066409,0.8112477706533243,0.0005175581764444048,-0.040042111369552366,202,1652332958,289834976,wx250s/base_link,0,1652332958.289835,0,0,0,0,,0.3981890734065418,-0.01932006401092167,0.19155332535073916,0.5816943696987756,0.8132346034799544,0.016735117763531236,0.001037206337359213,0,0,0,,0,1652332958.284476,0,0,0,0,,0.400728399898219,-0.017665386789031293,0.19343989245290652,0.5832478562142286,0.8118767157346292,0.008179466809865478,-0.01614970111664063,1326,1652332958,289007934,,"['waist', 'shoulder', 'elbow', 'forearm_roll', 'wrist_angle', 'wrist_rotate', 'gripper', 'left_finger', 'right_finger']","(-0.04295146465301514, -0.5338253378868103, 1.0707186460494995, 0.006135923322290182, -0.4801360070705414, 0.026077674701809883, -0.2592427730560303, 0.0162323210388422, -0.0162323210388422)","(0.21582742035388947, -1.2949645519256592, 1.0551562309265137, 0.1918465942144394, 0.023980824276804924, 0.023980824276804924, 0.0, 0.0, 0.0)","(0.0, 0.0, -2.690000057220459, 0.0, 0.0, -32.279998779296875, -2.690000057220459, 0.0, 0.0)"
1652332958.3987486,26,0,0,,203,1652332958,306817055,wx250s/base_link,0,1652332958.306817,0,0,0,0,,0.39046754859331256,-0.01326351805019531,0.19122049118000806,0.5832705341703367,0.8121945895525675,0.010189855155607486,-0.0056213452210663465,203,1652332958,307194710,wx250s/base_link,0,1652332958.3071947,0,0,0,0,,0.3946018375332927,-0.01675673333995009,0.20245013953818636,0.5843070368288887,0.8104089902183537,0.005745244439705077,-0.04230304305650168,203,1652332958,323415995,wx250s/base_link,0,1652332958.323416,0,0,0,0,,0.38486436743075403,-0.01790240490009426,0.19132093769806258,0.5802946968095203,0.8142955529917055,0.013244291758904661,-0.0023250738664628147,0,0,0,,0,1652332958.312476,0,0,0,0,,0.3899779178524531,-0.01597421876341322,0.19499718947208566,0.5826240892695819,0.8122997109208757,0.009726463784739075,-0.016749820714676945,1328,1652332958,309135384,,"['waist', 'shoulder', 'elbow', 'forearm_roll', 'wrist_angle', 'wrist_rotate', 'gripper', 'left_finger', 'right_finger']","(-0.03834952041506767, -0.5675728917121887, 1.0921943187713623, 0.006135923322290182, -0.4801360070705414, 0.026077674701809883, -0.2577087879180908, 0.016249334439635277, -0.016249334439635277)","(0.21582742035388947, -1.4388494491577148, 1.0551562309265137, 0.14388494193553925, 0.04796164855360985, 0.0, 0.0, 0.0, 0.0)","(0.0, 0.0, -2.690000057220459, 0.0, 0.0, -24.21000099182129, -2.690000057220459, 0.0, 0.0)"
1652332958.4399416,27,0,0,,204,1652332958,340368748,wx250s/base_link,0,1652332958.3403687,0,0,0,0,,0.37695484867787177,-0.0119352691867827,0.19446717518004247,0.5818527405231259,0.8132281984155144,0.007242928425461371,-0.007404433496799053,204,1652332958,357801676,wx250s/base_link,0,1652332958.3578017,0,0,0,0,,0.3766041748196508,-0.014905904479348274,0.20718588809639282,0.5828067262156917,0.8119141541820264,0.014266284794148565,-0.030466362349398236,204,1652332958,356997967,wx250s/base_link,0,1652332958.356998,0,0,0,0,,0.37170900447041133,-0.017147107250343678,0.19433012285478063,0.580554635387426,0.8137127078000864,0.027100689221836876,0.0096693918384559,0,0,0,,0,1652332958.3517227,0,0,0,0,,0.375089342655978,-0.01466276030549155,0.19866106204373865,0.5817380340420812,0.812951686799209,0.016203300813815606,-0.009400468002580464,1332,1652332958,348979827,,"['waist', 'shoulder', 'elbow', 'forearm_roll', 'wrist_angle', 'wrist_rotate', 'gripper', 'left_finger', 'right_finger']","(-0.03374757990241051, -0.6519418358802795, 1.1428157091140747, 0.004601942375302315, -0.475534051656723, 0.023009711876511574, -0.2592427730560303, 0.0162323210388422, -0.0162323210388422)","(0.16786576807498932, -1.7026385068893433, 1.151079535484314, 0.0, 0.023980824276804924, -0.023980824276804924, 0.0, 0.0, 0.0)","(0.0, 0.0, -2.690000057220459, 0.0, 0.0, -13.450000762939453, -2.690000057220459, 0.0, 0.0)"
1652332958.4835873,28,0,0,,205,1652332958,373919725,wx250s/base_link,0,1652332958.3739197,0,0,0,0,,0.36430592837076836,-0.011159229715272686,0.19881407070531731,0.5814169973578935,0.8132256031789636,0.019744654344400373,0.01511761033901493,205,1652332958,391544104,wx250s/base_link,0,1652332958.391544,0,0,0,0,,0.3643574677757303,-0.014187469360047472,0.21272401331882568,0.580319421269614,0.8140265690414479,0.02424281787990185,-0.001549184673091899,205,1652332958,390580893,wx250s/base_link,0,1652332958.390581,0,0,0,0,,0.35771782520006035,-0.016919762604784803,0.19722479621923827,0.5803147455333826,0.8131650851536135,0.03516634642039318,0.02758021905429579,0,0,0,,0,1652332958.3853483,0,0,0,0,,0.3621270737821864,-0.014088820560034987,0.20292096008112712,0.5806837213869634,0.813472419124675,0.026384606214898465,0.013716214906739606,1336,1652332958,388942643,,"['waist', 'shoulder', 'elbow', 'forearm_roll', 'wrist_angle', 'wrist_rotate', 'gripper', 'left_finger', 'right_finger']","(-0.03221359848976135, -0.7409127354621887, 1.1980390548706055, 0.004601942375302315, -0.46479618549346924, 0.023009711876511574, -0.2577087879180908, 0.016249334439635277, -0.016249334439635277)","(0.0959232971072197, -2.0623509883880615, 1.2709836959838867, 0.0, 0.14388494193553925, 0.0, 0.0, 0.0, 0.0)","(0.0, 0.0, -2.690000057220459, 0.0, 0.0, -5.380000114440918, -5.380000114440918, 0.0, 0.0)"
1652332958.52773,29,0,0,,206,1652332958,407470465,wx250s/base_link,0,1652332958.4074705,0,0,0,0,,0.3500140525782146,-0.010596898068103289,0.20345926144481669,0.5797207444282406,0.8139200794630356,0.03238826681812428,0.020222831131432733,206,1652332958,425289869,wx250s/base_link,0,1652332958.4252899,0,0,0,0,,0.3514166817082394,-0.014224032619332048,0.21396305720121533,0.5809448048027069,0.8135125488357272,0.025876823699064827,0.0055548766674796786,206,1652332958,424164534,wx250s/base_link,0,1652332958.4241645,0,0,0,0,,0.3460950202575678,-0.016794387610177625,0.19867205887866407,0.5813787681360741,0.8121726777017053,0.03740985988370199,0.031221337878200136,0,0,0,,0,1652332958.4189749,0,0,0,0,,0.34917525151467393,-0.013871772765870987,0.20536479250823203,0.5806814391223406,0.8132017686668226,0.03189165013363037,0.018999681892370848,1338,1652332958,408978442,,"['waist', 'shoulder', 'elbow', 'forearm_roll', 'wrist_angle', 'wrist_rotate', 'gripper', 'left_finger', 'right_finger']","(-0.030679617077112198, -0.7869321703910828, 1.225650668144226, 0.003067961661145091, -0.4555923044681549, 0.02147573232650757, -0.2592427730560303, 0.0162323210388422, -0.0162323210388422)","(0.07194247096776962, -2.1582741737365723, 1.318945288658142, 0.0, 0.23980824649333954, -0.023980824276804924, 0.0, 0.0, 0.0)","(0.0, 0.0, -2.690000057220459, 0.0, 0.0, -2.690000057220459, -5.380000114440918, 0.0, 0.0)"
1652332958.5718224,30,0,0,,207,1652332958,441020727,wx250s/base_link,0,1652332958.4410207,0,0,0,0,,0.33697027107232025,-0.010390510152846475,0.20354710775761065,0.5777535825654924,0.8148597820014061,0.04053292162600235,0.023694213931257747,207,1652332958,459038734,wx250s/base_link,0,1652332958.4590387,0,0,0,0,,0.33919799109336707,-0.013946858004284954,0.21442241876062562,0.578928529322017,0.8147614698762604,0.026696580866555828,0.017111332857429093,207,1652332958,457749367,wx250s/base_link,0,1652332958.4577494,0,0,0,0,,0.3321464884165781,-0.01677255403855645,0.1962372053252976,0.581622717804128,0.8116656592405997,0.03898503459175188,0.03733682929149633,0,0,0,,0,1652332958.452603,0,0,0,0,,0.3361049168607551,-0.013703307398562627,0.20473557728117794,0.5794349432305458,0.8137623037060887,0.03540484569477002,0.02604745869339439,1342,1652332958,452175914,,"['waist', 'shoulder', 'elbow', 'forearm_roll', 'wrist_angle', 'wrist_rotate', 'gripper', 'left_finger', 'right_finger']","(-0.029145635664463043, -0.8927768468856812, 1.2808740139007568, 0.003067961661145091, -0.4325825870037079, 0.019941750913858414, -0.2577087879180908, 0.016249334439635277, -0.016249334439635277)","(0.04796164855360985, -2.350120782852173, 1.366907000541687, 0.0, 0.40767401456832886, -0.023980824276804924, 0.0, 0.0, 0.0)","(0.0, 0.0, -2.690000057220459, 0.0, 0.0, 2.690000057220459, -5.380000114440918, 0.0, 0.0)"
1652332958.6156063,31,0,0,,208,1652332958,474570751,wx250s/base_link,0,1652332958.4745708,0,0,0,0,,0.32407532239895864,-0.010287454945675864,0.20232132826833293,0.5780387080695568,0.8138064869837276,0.05101245759597962,0.03143219506334175,208,1652332958,492790937,wx250s/base_link,0,1652332958.492791,0,0,0,0,,0.32677492130903574,-0.014292274507681918,0.21210904994674668,0.5771225870017793,0.815394846061876,0.029390706751604368,0.034596978838397366,208,1652332958,491334677,wx250s/base_link,0,1652332958.4913347,0,0,0,0,,0.32057450740634175,-0.016907295061615098,0.1938910966292346,0.5787091851475575,0.8128121911432519,0.04376927207051617,0.050162453859164964,0,0,0,,0,1652332958.486232,0,0,0,0,,0.3238082503714454,-0.013829008171657628,0.20277382494810473,0.5779568267396312,0.8140045080629519,0.04139081213936672,0.03873054258696803,1346,1652332958,488972066,,"['waist', 'shoulder', 'elbow', 'forearm_roll', 'wrist_angle', 'wrist_rotate', 'gripper', 'left_finger', 'right_finger']","(-0.026077674701809883, -1.0032234191894531, 1.3376312255859375, 0.0015339808305725455, -0.40036898851394653, 0.02147573232650757, -0.2592427730560303, 0.0162323210388422, -0.0162323210388422)","(0.04796164855360985, -2.5899291038513184, 1.366907000541687, 0.0, 0.575539767742157, 0.0, 0.0, 0.0, 0.0)","(0.0, 0.0, -2.690000057220459, 0.0, 0.0, 2.690000057220459, -5.380000114440918, 0.0, 0.0)"
1652332958.6636307,32,0,0,,210,1652332958,541669846,wx250s/base_link,0,1652332958.5416698,0,0,0,0,,0.2996998092356138,-0.008824758144713342,0.19373643875101254,0.572869933968729,0.8162848911422222,0.07340048778305513,0.010553844835140684,209,1652332958,526546717,wx250s/base_link,0,1652332958.5265467,0,0,0,0,,0.31476327722818426,-0.013924072122700193,0.20608422505636037,0.5795548754388157,0.8138118039020513,0.02883824850246477,0.03154123662918715,209,1652332958,524921179,wx250s/base_link,0,1652332958.5249212,0,0,0,0,,0.31172973292082984,-0.016177478150093412,0.18938538432559676,0.5782615632656989,0.8129044016959757,0.045883022894125394,0.05191094646522198,0,0,0,,0,1652332958.531046,0,0,0,0,,0.308730939794876,-0.012975436139168982,0.19640201604432325,0.5768954575577478,0.8143336989134164,0.04937391972654844,0.03133534264318327,1350,1652332958,528962758,,"['waist', 'shoulder', 'elbow', 'forearm_roll', 'wrist_angle', 'wrist_rotate', 'gripper', 'left_finger', 'right_finger']","(-0.026077674701809883, -1.1136701107025146, 1.3943885564804077, 0.003067961661145091, -0.35588353872299194, 0.02147573232650757, -0.2577087879180908, 0.016249334439635277, -0.016249334439635277)","(0.04796164855360985, -2.685852289199829, 1.4148685932159424, 0.0, 0.8633096814155579, 0.0, 0.0, 0.0, 0.0)","(0.0, 0.0, -2.690000057220459, 0.0, 0.0, 0.0, -5.380000114440918, 0.0, 0.0)"
1652332958.6636348,33,0,0,,211,1652332958,575218678,wx250s/base_link,0,1652332958.5752187,0,0,0,0,,0.2911164480947751,-0.008541344347874234,0.18264623563734983,0.575935079454661,0.8143812718946098,0.0686173177055259,0.01932852689083909,211,1652332958,594068050,wx250s/base_link,0,1652332958.594068,0,0,0,0,,0.29591373291677425,-0.012963069851179412,0.1882131790002513,0.5783608346642929,0.8149516141170996,0.02059391569981276,0.030471334242295103,211,1652332958,592096329,wx250s/base_link,0,1652332958.5920963,0,0,0,0,,0.290558610965443,-0.015268407578626075,0.1670542791690039,0.5801236397512811,0.8122794153485687,0.04432469421031702,0.04115866234312229,0,0,0,,0,1652332958.5871277,0,0,0,0,,0.29252959732566414,-0.012257607259226574,0.17930456460220168,0.5781398512900783,0.8138707671200928,0.04451197587188522,0.03031950782541883,1356,1652332958,588989315,,"['waist', 'shoulder', 'elbow', 'forearm_roll', 'wrist_angle', 'wrist_rotate', 'gripper', 'left_finger', 'right_finger']","(-0.02454369328916073, -1.2839419841766357, 1.4741555452346802, 0.004601942375302315, -0.2684466540813446, 0.02454369328916073, -0.2577087879180908, 0.016249334439635277, -0.016249334439635277)","(0.0, -2.8057563304901123, 1.366907000541687, 0.0, 1.2949645519256592, 0.04796164855360985, 0.0, 0.0, 0.0)","(0.0, 0.0, -2.690000057220459, 0.0, 0.0, -2.690000057220459, -8.069999694824219, 0.0, 0.0)"
1652332958.7388425,34,0,0,,213,1652332958,642375231,wx250s/base_link,0,1652332958.6423752,0,0,0,0,,0.2764781963928704,-0.00712507555441832,0.16461053659986474,0.5749615332599125,0.8166771371102206,0.04933614156267877,0.004861494479255471,212,1652332958,627834082,wx250s/base_link,0,1652332958.627834,0,0,0,0,,0.28893288264162953,-0.012361264374051772,0.1785226562034677,0.5755788106668833,0.8171309559976884,0.018014754011459275,0.026105595176258854,212,1652332958,625685453,wx250s/base_link,0,1652332958.6256855,0,0,0,0,,0.2811485989622692,-0.014950859021771935,0.1546508819210336,0.5758185349078857,0.8159712853276259,0.037007933729918265,0.03541594582049732,0,0,0,,0,1652332958.631965,0,0,0,0,,0.2821865593322564,-0.011479066316747341,0.165928024908122,0.5754529596115605,0.8165931261451783,0.03478627643468544,0.022127678492003883,1360,1652332958,628981957,,"['waist', 'shoulder', 'elbow', 'forearm_roll', 'wrist_angle', 'wrist_rotate', 'gripper', 'left_finger', 'right_finger']","(-0.026077674701809883, -1.3943885564804077, 1.5186409950256348, 0.006135923322290182, -0.19481556117534637, 0.026077674701809883, -0.2577087879180908, 0.016249334439635277, -0.016249334439635277)","(-0.023980824276804924, -2.8057563304901123, 1.2470028400421143, 0.023980824276804924, 1.5827343463897705, 0.04796164855360985, 0.0, 0.0, 0.0)","(0.0, 0.0, -2.690000057220459, 0.0, 0.0, -10.760000228881836, -8.069999694824219, 0.0, 0.0)"
1652332958.7587118,35,0,0,,214,1652332958,675963640,wx250s/base_link,0,1652332958.6759636,0,0,0,0,,0.27285594977467226,-0.006687400905346081,0.15374842757859575,0.5754876923050122,0.8164569250421341,0.043247613542295525,0.01848376257938643,214,1652332958,678488731,wx250s/base_link,0,1652332958.6784887,0,0,0,0,,0.2804804812520476,-0.011688477269117092,0.1645460388492772,0.5775738766552577,0.8159635868160066,0.011867938876187097,0.021702396701879303,214,1652332958,692866564,wx250s/base_link,0,1652332958.6928666,0,0,0,0,,0.2789557533785234,-0.01281865640639189,0.1419183320021744,0.5727384381674725,0.8180948122522993,0.03381433114526775,0.03934654521756171,0,0,0,,0,1652332958.6824396,0,0,0,0,,0.27743072813508113,-0.010398178193618353,0.15340426614334912,0.5752666690425808,0.8168384413701467,0.029643294521250124,0.026510901499609146,1366,1652332958,688938776,,"['waist', 'shoulder', 'elbow', 'forearm_roll', 'wrist_angle', 'wrist_rotate', 'gripper', 'left_finger', 'right_finger']","(-0.02761165425181389, -1.5477867126464844, 1.5707963705062866, 0.0015339808305725455, -0.0644271969795227, 0.02454369328916073, -0.2577087879180908, 0.016249334439635277, -0.016249334439635277)","(-0.023980824276804924, -2.613909959793091, 0.9352521300315857, -0.04796164855360985, 2.0143892765045166, -0.023980824276804924, 0.0, 0.0, 0.0)","(0.0, 0.0, -2.690000057220459, 0.0, 0.0, -5.380000114440918, -8.069999694824219, 0.0, 0.0)"
1652332958.8035264,36,0,0,,215,1652332958,709552288,wx250s/base_link,0,1652332958.7095523,0,0,0,0,,0.27441413156717354,-0.008010143168952178,0.14764605393987962,0.5427212697859539,0.746920378237599,0.12990604117920443,0.36150794232004174,215,1652332958,712262869,wx250s/base_link,0,1652332958.7122629,0,0,0,0,,0.27746694779147163,-0.010812178670559856,0.15671734978298785,0.5740772945631603,0.8184957055231286,0.004469656250354951,0.021910319035610127,215,1652332958,726458311,wx250s/base_link,0,1652332958.7264583,0,0,0,0,,0.2691059506751279,-0.013134052204808011,0.12469909875122087,0.5740717516336521,0.8183823656311642,0.01882398645874967,0.018373489979070973,0,0,0,,0,1652332958.7160912,0,0,0,0,,0.273662343344591,-0.010652124681440014,0.14302083415802944,0.5636234386609221,0.7945994831306306,0.051066561296103014,0.13393058377824094,1368,1652332958,708943383,,"['waist', 'shoulder', 'elbow', 'forearm_roll', 'wrist_angle', 'wrist_rotate', 'gripper', 'left_finger', 'right_finger']","(-0.02761165425181389, -1.5953400135040283, 1.5800002813339233, 0.0015339808305725455, -0.016873789951205254, 0.02454369328916073, -0.2592427730560303, 0.0162323210388422, -0.0162323210388422)","(0.0, -2.5419673919677734, 0.8153480291366577, -0.04796164855360985, 2.1342933177948, 0.0, 0.0, 0.0, 0.0)","(0.0, 0.0, -2.690000057220459, 0.0, 0.0, -2.690000057220459, -8.069999694824219, 0.0, 0.0)"
1652332958.8587666,37,0,0,,217,1652332958,776730061,wx250s/base_link,0,1652332958.77673,0,0,0,0,,0.26390852284430083,-0.005806004796555275,0.1187236680390793,0.5715391422391755,0.8201443174661777,0.021256295287206316,-0.015952345504925615,216,1652332958,762930393,wx250s/base_link,0,1652332958.7629304,0,0,0,0,,0.270599451189767,-0.011355411599379125,0.1375341945281241,0.572583931531268,0.8196454663300552,-0.01811038539043392,-0.0009822513898201724,216,1652332958,760050774,wx250s/base_link,0,1652332958.7600508,0,0,0,0,,0.26678885455117163,-0.013284535374066868,0.11483089970114435,0.5750931587857372,0.817977231363917,0.011898128086320485,0.006288261771397436,0,0,0,,0,1652332958.7665703,0,0,0,0,,0.2670989428617465,-0.010148650590000424,0.12369625408944925,0.5730720775187269,0.8192556717200499,0.005014679327697626,-0.003548778374449451,1374,1652332958,769006234,,"['waist', 'shoulder', 'elbow', 'forearm_roll', 'wrist_angle', 'wrist_rotate', 'gripper', 'left_finger', 'right_finger']","(-0.026077674701809883, -1.7195924520492554, 1.6030099391937256, 0.0015339808305725455, 0.1257864236831665, 0.02147573232650757, -0.2592427730560303, 0.0162323210388422, -0.0162323210388422)","(0.0, -2.206235885620117, 0.455635666847229, 0.0, 2.3261399269104004, 0.0, 0.0, 0.0, 0.0)","(0.0, 0.0, -2.690000057220459, 0.0, 0.0, 0.0, -8.069999694824219, 0.0, 0.0)"
1652332958.8994575,38,0,0,,218,1652332958,810319185,wx250s/base_link,0,1652332958.8103192,0,0,0,0,,0.2624654947544889,-0.005662027740021615,0.106472843645946,0.573017090607659,0.8190821973512677,0.024912376289422382,-0.011625031671658579,218,1652332958,830402136,wx250s/base_link,0,1652332958.8304021,0,0,0,0,,0.2653768274628576,-0.011216663248529275,0.12115728550480942,0.5724230232631221,0.8192473984564501,-0.028757422202860913,-0.01840090293687081,218,1652332958,827238798,wx250s/base_link,0,1652332958.8272388,0,0,0,0,,0.26149056576648855,-0.013192051834776203,0.09624908482015626,0.5703015555785471,0.8213321832943592,-0.009228673845630869,-0.009187598634115642,0,0,0,,0,1652332958.8226535,0,0,0,0,,0.26311096266127837,-0.01002358094110903,0.1079597379903039,0.5719138898164428,0.8198872597006924,-0.004357906586356467,-0.013071177747548344,1380,1652332958,829027584,,"['waist', 'shoulder', 'elbow', 'forearm_roll', 'wrist_angle', 'wrist_rotate', 'gripper', 'left_finger', 'right_finger']","(-0.026077674701809883, -1.8162332773208618, 1.6152818202972412, 0.0015339808305725455, 0.2653786838054657, 0.012271846644580364, -0.2592427730560303, 0.0162323210388422, -0.0162323210388422)","(0.0, -1.7985618114471436, 0.23980824649333954, 0.0, 2.3261399269104004, -0.14388494193553925, 0.0, 0.0, 0.0)","(0.0, 0.0, -2.690000057220459, 0.0, 0.0, 16.139999389648438, -5.380000114440918, 0.0, 0.0)"
1652332958.943564,39,0,0,,219,1652332958,843908548,wx250s/base_link,0,1652332958.8439085,0,0,0,0,,0.2591766294379133,-0.006012286797643809,0.09837058653972813,0.5779172270305506,0.8159001250561612,-0.01473728541417318,-0.010073581948884844,219,1652332958,847198963,wx250s/base_link,0,1652332958.847199,0,0,0,0,,0.26327509634085655,-0.011447749788937131,0.11558825029550246,0.5727339966976684,0.8184353804558672,-0.04055493921831538,-0.022239468288924345,219,1652332958,860835791,wx250s/base_link,0,1652332958.8608358,0,0,0,0,,0.25954872948533825,-0.012573936765258267,0.08757383177212807,0.576540187808304,0.8167616471056822,-0.010010801873115658,-0.02004014733069298,0,0,0,,0,1652332958.850648,0,0,0,0,,0.26066681842136935,-0.01001132445061307,0.10051088953578623,0.5757304705121743,0.8170323842059034,-0.02176767550186807,-0.01745106585616739,1382,1652332958,848947992,,"['waist', 'shoulder', 'elbow', 'forearm_roll', 'wrist_angle', 'wrist_rotate', 'gripper', 'left_finger', 'right_finger']","(-0.023009711876511574, -1.843845009803772, 1.6183497905731201, 0.0015339808305725455, 0.30526217818260193, 0.012271846644580364, -0.2592427730560303, 0.0162323210388422, -0.0162323210388422)","(0.0, -1.6306960582733154, 0.1918465942144394, 0.0, 2.2781782150268555, -0.11990412324666977, 0.0, 0.0, 0.0)","(0.0, 0.0, -2.690000057220459, 0.0, 0.0, 24.21000099182129, -5.380000114440918, 0.0, 0.0)"
1652332958.9875584,40,0,0,,220,1652332958,877498150,wx250s/base_link,0,1652332958.8774981,0,0,0,0,,0.25844774941752396,-0.005200447936835497,0.0875803709787979,0.5789941889487256,0.8150436712244472,-0.020444805278313643,-0.007180048587192289,220,1652332958,880792618,wx250s/base_link,0,1652332958.8807926,0,0,0,0,,0.2624894946624685,-0.010579087039920596,0.10910302752169565,0.5730289420162109,0.8179387106269259,-0.04664839356783753,-0.02092903837456933,220,1652332958,894500017,wx250s/base_link,0,1652332958.8945,0,0,0,0,,0.2605194597422348,-0.010343152289682842,0.07999969797146689,0.5767599354805277,0.8163137839864116,-0.021872364106396286,-0.022391574010794252,0,0,0,,0,1652332958.8842638,0,0,0,0,,0.2604855679407424,-0.008707562422146311,0.0922276988239868,0.5762610221484881,0.8164320552792615,-0.029655187650849152,-0.016833553657518624,1386,1652332958,888966077,,"['waist', 'shoulder', 'elbow', 'forearm_roll', 'wrist_angle', 'wrist_rotate', 'gripper', 'left_finger', 'right_finger']","(-0.00920388475060463, -1.8668546676635742, 1.621417760848999, -0.0015339808305725455, 0.3850291967391968, 0.010737866163253784, -0.2592427730560303, 0.0162323210388422, -0.0162323210388422)","(0.14388494193553925, -1.127098798751831, 0.14388494193553925, -0.023980824276804924, 2.086331605911255, -0.023980824276804924, 0.0, 0.0, 0.0)","(0.0, 0.0, -2.690000057220459, 0.0, 0.0, 24.21000099182129, -5.380000114440918, 0.0, 0.0)"
1652332959.0315182,41,0,0,,221,1652332958,911087751,wx250s/base_link,0,1652332958.9110878,0,0,0,0,,0.2555906762960164,-0.002598601717017061,0.08089082295450722,0.5780821062618727,0.8144783408830257,-0.029161017913646475,-0.03994678568434356,221,1652332958,914386988,wx250s/base_link,0,1652332958.914387,0,0,0,0,,0.260080487015451,-0.008389400788468018,0.09819926102119603,0.5779998368930311,0.8131914552763501,-0.050686545784681646,-0.045461188871154266,221,1652332958,928167582,wx250s/base_link,0,1652332958.9281676,0,0,0,0,,0.2575835584374887,-0.008610012010196469,0.06860697766525126,0.5768975810686631,0.814711317687574,-0.037024947529927674,-0.04542909914700381,0,0,0,,0,1652332958.9178808,0,0,0,0,,0.2577515739163187,-0.006532671505227183,0.0825656872136515,0.5776598414078556,0.8141270379489832,-0.038957503742751934,-0.04361235790083388,1390,1652332958,929081850,,"['waist', 'shoulder', 'elbow', 'forearm_roll', 'wrist_angle', 'wrist_rotate', 'gripper', 'left_finger', 'right_finger']","(0.0, -1.8852624893188477, 1.6260197162628174, -0.004601942375302315, 0.44792240858078003, 0.010737866163253784, -0.2592427730560303, 0.0162323210388422, -0.0162323210388422)","(0.2877698838710785, -0.5995206236839294, 0.11990412324666977, -0.07194247096776962, 1.822542667388916, 0.0, 0.0, 0.0, 0.0)","(0.0, 0.0, -2.690000057220459, 0.0, 0.0, 18.829999923706055, -5.380000114440918, 0.0, 0.0)"
1652332959.0757706,42,0,0,,222,1652332958,944677830,wx250s/base_link,0,1652332958.9446778,0,0,0,0,,0.25270871571763875,-0.0005973076744055211,0.07215883706536075,0.5803724961163281,0.8105168233037682,-0.04368827029178655,-0.06573872475324519,222,1652332958,947981834,wx250s/base_link,0,1652332958.9479818,0,0,0,0,,0.2572956459481894,-0.0065224508690401445,0.08802087488347943,0.578327450287544,0.8100128739127491,-0.06203926965668703,-0.07461657563827391,222,1652332958,961838007,wx250s/base_link,0,1652332958.961838,0,0,0,0,,0.2546699024145571,-0.007070772501365438,0.059166792402031265,0.5748777362339714,0.8148041497074906,-0.04365638690602468,-0.060859723005195814,0,0,0,,0,1652332958.9514992,0,0,0,0,,0.2548914213601284,-0.004730177014937035,0.07311550145029048,0.5778592275459479,0.8117779489746693,-0.04979464228483275,-0.06707167446557165,1392,1652332958,948961568,,"['waist', 'shoulder', 'elbow', 'forearm_roll', 'wrist_angle', 'wrist_rotate', 'gripper', 'left_finger', 'right_finger']","(0.0, -1.8975342512130737, 1.6260197162628174, 0.0, 0.4693981409072876, 0.010737866163253784, -0.2592427730560303, 0.0162323210388422, -0.0162323210388422)","(0.23980824649333954, -0.5035973191261292, 0.0959232971072197, -0.023980824276804924, 1.606715202331543, 0.0, 0.0, 0.0, 0.0)","(0.0, 0.0, -2.690000057220459, 0.0, 0.0, 13.450000762939453, -2.690000057220459, 0.0, 0.0)"
1652332959.075791,43,0,0,,223,1652332958,978267908,wx250s/base_link,0,1652332958.978268,0,0,0,0,,0.24932277275058992,0.0006314689021190926,0.06629798528383657,0.5783443249290852,0.809499165523956,-0.0581639806476104,-0.08273991898451595,223,1652332958,981577158,wx250s/base_link,0,1652332958.9815772,0,0,0,0,,0.2534582951634308,-0.005399293138173875,0.07788563585977637,0.5779281767326817,0.8079438055181394,-0.059262274889520475,-0.09855867510384081,223,1652332958,995511293,wx250s/base_link,0,1652332958.9955113,0,0,0,0,,0.24987320972334104,-0.007483842746538863,0.04999350311483597,0.5738741486123514,0.8142577276647631,-0.05503847426993866,-0.06799691789119983,0,0,0,,0,1652332958.9851189,0,0,0,0,,0.25088475921245396,-0.004083888994197882,0.06472570808614964,0.5767155500913727,0.8105668995689528,-0.05748824326902318,-0.08309850399318552,1396,1652332958,989156435,,"['waist', 'shoulder', 'elbow', 'forearm_roll', 'wrist_angle', 'wrist_rotate', 'gripper', 'left_finger', 'right_finger']","(-0.0015339808305725455, -1.919010043144226, 1.6290876865386963, 0.004601942375302315, 0.5092816352844238, 0.010737866163253784, -0.2592427730560303, 0.0162323210388422, -0.0162323210388422)","(0.023980824276804924, -0.5515589714050293, 0.04796164855360985, 0.07194247096776962, 1.2230219841003418, 0.0, 0.0, 0.0, 0.0)","(0.0, 0.0, -2.690000057220459, 0.0, 0.0, 8.069999694824219, -2.690000057220459, 0.0, 0.0)"
1652332959.1194506,44,0,0,,224,1652332959,11858225,wx250s/base_link,0,1652332959.0118582,0,0,0,0,,0.24865544146892504,-2.8477066929962283e-05,0.05874457376857123,0.580725727979109,0.808230626641281,-0.061240478719771715,-0.0759637202113571,224,1652332959,15172958,wx250s/base_link,0,1652332959.015173,0,0,0,0,,0.25340872160999844,-0.0061305767399178895,0.0744074294854874,0.5774270238390061,0.8099122870801896,-0.06726109167355612,-0.07807730095133965,224,1652332959,29187679,wx250s/base_link,0,1652332959.0291877,0,0,0,0,,0.2523720422303668,-0.00754386667027418,0.04661489822538123,0.579446647918123,0.809653660705294,-0.0547071161154488,-0.07556231447817474,0,0,0,,0,1652332959.0187397,0,0,0,0,,0.25147873510309676,-0.004567640159040677,0.05992230049314662,0.5791997999120794,0.8092655248089216,-0.061069562169592216,-0.07653444521362383,1400,1652332959,28936666,,"['waist', 'shoulder', 'elbow', 'forearm_roll', 'wrist_angle', 'wrist_rotate', 'gripper', 'left_finger', 'right_finger']","(-0.0015339808305725455, -1.9205440282821655, 1.6290876865386963, 0.006135923322290182, 0.5414952039718628, 0.00920388475060463, -0.2592427730560303, 0.0162323210388422, -0.0162323210388422)","(0.0, -0.40767401456832886, 0.023980824276804924, 0.0959232971072197, 0.9352521300315857, -0.023980824276804924, 0.0, 0.0, 0.0)","(0.0, 0.0, -2.690000057220459, 0.0, 0.0, 2.690000057220459, -2.690000057220459, 0.0, 0.0)"
1652332959.1387496,45,0,0,,225,1652332959,45448780,wx250s/base_link,0,1652332959.0454488,0,0,0,0,,0.24707446162979055,-9.734400946978701e-05,0.054212326901455055,0.5784874429592984,0.8067060574292261,-0.0736146337860672,-0.09570005714705714,225,1652332959,48768997,wx250s/base_link,0,1652332959.048769,0,0,0,0,,0.25140891789884817,-0.006607344819122445,0.06624800004699005,0.5800494850959242,0.8053382772618791,-0.07771446941294982,-0.09451621691903359,225,1652332959,62867165,wx250s/base_link,0,1652332959.0628672,0,0,0,0,,0.24807592957449964,-0.008642983370690756,0.03724567125093936,0.5733428481561581,0.8118795332044917,-0.06537158484081665,-0.0886349701147432,0,0,0,,0,1652332959.0523617,0,0,0,0,,0.24885310303437946,-0.005115890733094329,0.05256866606646149,0.5772932587371269,0.8079746226318655,-0.07223356267994456,-0.09295041472694464,1402,1652332959,52099696,,"['waist', 'shoulder', 'elbow', 'forearm_roll', 'wrist_angle', 'wrist_rotate', 'gripper', 'left_finger', 'right_finger']","(-0.0015339808305725455, -1.919010043144226, 1.6290876865386963, 0.006135923322290182, 0.5537670850753784, 0.00920388475060463, -0.2592427730560303, 0.0162323210388422, -0.0162323210388422)","(0.0, -0.1918465942144394, 0.023980824276804924, 0.07194247096776962, 0.8153480291366577, -0.023980824276804924, 0.0, 0.0, 0.0)","(0.0, 0.0, -2.690000057220459, 0.0, 0.0, 5.380000114440918, -2.690000057220459, 0.0, 0.0)"
1652332959.1796885,46,0,0,,226,1652332959,79039574,wx250s/base_link,0,1652332959.0790396,0,0,0,0,,0.2469116000734656,-0.0010527694194907202,0.047526841526653985,0.5776648908855718,0.8073632749446901,-0.07981669789707714,-0.08998394771042242,226,1652332959,82365751,wx250s/base_link,0,1652332959.0823658,0,0,0,0,,0.2502667133594938,-0.007576972993942915,0.06022605263901337,0.5731873749227822,0.8117861989542502,-0.07375584726339056,-0.08378230965424617,226,1652332959,96549749,wx250s/base_link,0,1652332959.0965497,0,0,0,0,,0.2487662073073622,-0.008707462006648702,0.034853337391570816,0.57143300796539,0.8135259143448176,-0.06741362388266053,-0.08423364774282617,0,0,0,,0,1652332959.0859852,0,0,0,0,,0.24864817358010718,-0.005779068140027446,0.04753541051907939,0.5740950912579147,0.8108917960812526,-0.0736620563477094,-0.08599996836916492,1406,1652332959,88924361,,"['waist', 'shoulder', 'elbow', 'forearm_roll', 'wrist_angle', 'wrist_rotate', 'gripper', 'left_finger', 'right_finger']","(-0.0015339808305725455, -1.9174760580062866, 1.6306216716766357, 0.004601942375302315, 0.575242817401886, 0.010737866163253784, -0.2592427730560303, 0.0162323210388422, -0.0162323210388422)","(0.0, 0.07194247096776962, 0.0, 0.0, 0.6474822759628296, 0.0, 0.0, 0.0, 0.0)","(0.0, 0.0, -2.690000057220459, 0.0, 0.0, 2.690000057220459, -2.690000057220459, 0.0, 0.0)"
1652332959.2275653,47,0,0,,227,1652332959,112630367,wx250s/base_link,0,1652332959.1126304,0,0,0,0,,0.2458483112643938,-0.0007627981158134008,0.04288401422273125,0.5722268693641428,0.810744797490773,-0.07440864806218628,-0.09855270880557035,227,1652332959,115962982,wx250s/base_link,0,1652332959.115963,0,0,0,0,,0.24537287192961088,-0.007873300627672233,0.05799857757622362,0.5475727170069099,0.772286368655466,-0.21438058358872203,-0.2403723148758676,227,1652332959,130235434,wx250s/base_link,0,1652332959.1302354,0,0,0,0,,0.24817205649188723,-0.008340470408627877,0.031112349833164465,0.5688696311009899,0.8141357514876888,-0.07252431696720395,-0.0911621873862213,0,0,0,,0,1652332959.1196096,0,0,0,0,,0.24646441322863064,-0.005658856384037837,0.04399831387737311,0.5628897391573475,0.7990556392113093,-0.12043784953937076,-0.14336240368921974,1410,1652332959,128933524,,"['waist', 'shoulder', 'elbow', 'forearm_roll', 'wrist_angle', 'wrist_rotate', 'gripper', 'left_finger', 'right_finger']","(-0.0015339808305725455, -1.919010043144226, 1.6290876865386963, 0.0076699042692780495, 0.5921165943145752, 0.010737866163253784, -0.2592427730560303, 0.0162323210388422, -0.0162323210388422)","(0.0, 0.0, 0.0, 0.0, 0.5035973191261292, 0.0, 0.0, 0.0, 0.0)","(0.0, 0.0, -2.690000057220459, 0.0, 0.0, -2.690000057220459, 0.0, 0.0, 0.0)"
1652332959.271559,48,0,0,,228,1652332959,146221638,wx250s/base_link,0,1652332959.1462216,0,0,0,0,,0.24371458932576986,-0.0006005262179222867,0.03861294471076593,0.5738406138445598,0.8070726815913877,-0.07989055033012497,-0.11383381087943752,228,1652332959,149560690,wx250s/base_link,0,1652332959.1495607,0,0,0,0,,0.24182137047150393,-0.009287799728245102,0.048021964929288674,0.5378352870758466,0.7902649713076368,-0.2334271294631982,-0.17811865239427618,228,1652332959,163923979,wx250s/base_link,0,1652332959.163924,0,0,0,0,,0.24531978705442892,-0.008617370462133477,0.026229379613744053,0.5701656889926469,0.8112885920352133,-0.07555000227875365,-0.10494810472201002,0,0,0,,0,1652332959.1532354,0,0,0,0,,0.2436185822839009,-0.006168565469433622,0.03762142975126622,0.560613863304351,0.8028754149780793,-0.12962256069069228,-0.1323001893319079,1412,1652332959,148939205,,"['waist', 'shoulder', 'elbow', 'forearm_roll', 'wrist_angle', 'wrist_rotate', 'gripper', 'left_finger', 'right_finger']","(-0.0015339808305725455, -1.919010043144226, 1.6306216716766357, 0.0076699042692780495, 0.598252534866333, 0.012271846644580364, -0.2592427730560303, 0.0162323210388422, -0.0162323210388422)","(0.0, -0.023980824276804924, 0.0, 0.023980824276804924, 0.43165484070777893, 0.023980824276804924, 0.0, 0.0, 0.0)","(0.0, 0.0, -2.690000057220459, 0.0, 0.0, -2.690000057220459, 0.0, 0.0, 0.0)"
1652332959.3196542,49,0,0,,229,1652332959,179812908,wx250s/base_link,0,1652332959.179813,0,0,0,0,,0.2418258421322948,-0.0004498177506104626,0.03683148039717976,0.5713073445943654,0.8081309589977919,-0.0785464781873145,-0.11984457387055214,229,1652332959,183158875,wx250s/base_link,0,1652332959.1831589,0,0,0,0,,0.24379531333688098,-0.008025294319745108,0.04443531723824201,0.5669847324466324,0.8158658510522762,-0.0795079984378613,-0.08105371332376507,229,1652332959,197615623,wx250s/base_link,0,1652332959.1976156,0,0,0,0,,0.2466870245121474,-0.008102073250282574,0.026886574523562135,0.569173585792126,0.8142890351809198,-0.06776870152283432,-0.09155435278876335,0,0,0,,0,1652332959.1868622,0,0,0,0,,0.24410272666044106,-0.005525728440212714,0.03605112405299463,0.5691552209443747,0.8127619484103293,-0.07527439271600338,-0.09748421332769353,1416,1652332959,188965965,,"['waist', 'shoulder', 'elbow', 'forearm_roll', 'wrist_angle', 'wrist_rotate', 'gripper', 'left_finger', 'right_finger']","(-0.0015339808305725455, -1.919010043144226, 1.6306216716766357, 0.00920388475060463, 0.6135923266410828, 0.02147573232650757, -0.2592427730560303, 0.0162323210388422, -0.0162323210388422)","(0.0, 0.0, 0.0, 0.023980824276804924, 0.3597123622894287, 0.1918465942144394, 0.0, 0.0, 0.0)","(0.0, 0.0, -2.690000057220459, 0.0, 0.0, -16.139999389648438, 0.0, 0.0, 0.0)"
1652332959.3196838,50,0,0,,231,1652332959,230200529,wx250s/base_link,0,1652332959.2302005,0,0,0,0,,0.24150151106572176,0.00023031328435826025,0.03599821196867581,0.571179492972648,0.8103624423585056,-0.0756229769551663,-0.1065263543856869,230,1652332959,216757536,wx250s/base_link,0,1652332959.2167575,0,0,0,0,,0.24487708965456662,-0.007097311783192686,0.0466739970101282,0.5712313236859253,0.814747831479018,-0.06716568525368162,-0.07327698591418011,230,1652332959,231310368,wx250s/base_link,0,1652332959.2313104,0,0,0,0,,0.24214456564009135,-0.007628167981882858,0.02238294103359384,0.571009125506494,0.8124281687623063,-0.06156341181699017,-0.10059321803822749,0,0,0,,0,1652332959.2260895,0,0,0,0,,0.2428410554534599,-0.004831722160239095,0.03501838333746595,0.5711399807216891,0.8125128141999433,-0.0681173580086127,-0.0934655194460315,1420,1652332959,228962750,,"['waist', 'shoulder', 'elbow', 'forearm_roll', 'wrist_angle', 'wrist_rotate', 'gripper', 'left_finger', 'right_finger']","(-0.0015339808305725455, -1.919010043144226, 1.6306216716766357, 0.012271846644580364, 0.6227962374687195, 0.02454369328916073, -0.2592427730560303, 0.0162323210388422, -0.0162323210388422)","(0.0, 0.0, 0.0, 0.023980824276804924, 0.2877698838710785, 0.0959232971072197, 0.0, 0.0, 0.0)","(0.0, 0.0, -2.690000057220459, 0.0, 0.0, -37.65999984741211, 0.0, 0.0, 0.0)"
1652332959.3635945,51,0,0,,232,1652332959,280588388,wx250s/base_link,0,1652332959.2805884,0,0,0,0,,0.2415453326275555,0.0002880822100610452,0.033598453536759054,0.5735312141732143,0.8109538866407265,-0.06569731337806343,-0.09539183993509551,232,1652332959,283956289,wx250s/base_link,0,1652332959.2839563,0,0,0,0,,0.24405079398091223,-0.006099753008381684,0.04662809786376787,0.5736311982691894,0.8096196394873947,-0.05635774074038806,-0.11084715958108435,231,1652332959,265007973,wx250s/base_link,0,1652332959.265008,0,0,0,0,,0.24382104880196465,-0.007480416455784893,0.02365533398206221,0.5717227931919147,0.8137456486052685,-0.05387449746802216,-0.08971402144254954,0,0,0,,0,1652332959.2765176,0,0,0,0,,0.24313905847014414,-0.00443069575136851,0.03462729512752971,0.5729617352114394,0.8114397249111299,-0.05864318386215789,-0.09865100698624313,1424,1652332959,268924960,,"['waist', 'shoulder', 'elbow', 'forearm_roll', 'wrist_angle', 'wrist_rotate', 'gripper', 'left_finger', 'right_finger']","(-0.0015339808305725455, -1.919010043144226, 1.6306216716766357, 0.015339808538556099, 0.630466103553772, 0.02454369328916073, -0.2592427730560303, 0.0162323210388422, -0.0162323210388422)","(0.0, 0.0, 0.0, 0.07194247096776962, 0.21582742035388947, 0.0, 0.0, 0.0, 0.0)","(0.0, 0.0, -2.690000057220459, 0.0, 0.0, -32.279998779296875, 0.0, 0.0, 0.0)"
1652332959.3986442,52,0,0,,234,1652332959,330976725,wx250s/base_link,0,1652332959.3309767,0,0,0,0,,0.24137387991804085,0.00045060361451222143,0.03350778816226885,0.57326579415253,0.8115418242021375,-0.06560152098560613,-0.09199259355899898,233,1652332959,317556381,wx250s/base_link,0,1652332959.3175564,0,0,0,0,,0.24389876587465925,-0.006807310302298579,0.046152217685511476,0.5693442432461944,0.8136361894481084,-0.08042190033849726,-0.08588132421385271,233,1652332959,332412481,wx250s/base_link,0,1652332959.3324125,0,0,0,0,,0.2456752961937052,-0.007217978355681505,0.025288703321167283,0.5716503449558101,0.8146189543196309,-0.04713290691030141,-0.08596703706234866,0,0,0,,0,1652332959.3269818,0,0,0,0,,0.24364931399546844,-0.0045248950144892875,0.03498290305631587,0.5714201274515115,0.813265655989959,-0.06438544274480161,-0.0879469849450668,1430,1652332959,329228084,,"['waist', 'shoulder', 'elbow', 'forearm_roll', 'wrist_angle', 'wrist_rotate', 'gripper', 'left_finger', 'right_finger']","(-0.0015339808305725455, -1.919010043144226, 1.6306216716766357, 0.015339808538556099, 0.6412039995193481, 0.023009711876511574, -0.2592427730560303, 0.0162323210388422, -0.0162323210388422)","(0.0, 0.0, 0.0, 0.023980824276804924, 0.1918465942144394, -0.023980824276804924, 0.0, 0.0, 0.0)","(0.0, 0.0, -2.690000057220459, 0.0, 0.0, -13.450000762939453, 0.0, 0.0, 0.0)"
1652332959.4586976,53,0,0,,235,1652332959,381365538,wx250s/base_link,0,1652332959.3813655,0,0,0,0,,0.24068591330268477,0.00045556917979247026,0.03565291863674358,0.5739229102250879,0.8103603937922595,-0.06659350203725416,-0.09743629086759262,235,1652332959,384757757,wx250s/base_link,0,1652332959.3847578,0,0,0,0,,0.24367630499964937,-0.006285327355041975,0.04573807662011853,0.5730305507665652,0.811097986536085,-0.06137159473744647,-0.09994784382195962,234,1652332959,366119385,wx250s/base_link,0,1652332959.3661194,0,0,0,0,,0.24391273595717855,-0.007373255448706158,0.02351975092265879,0.5714427929849464,0.814683509931518,-0.04899338170418609,-0.08569458291172152,0,0,0,,0,1652332959.377414,0,0,0,0,,0.24275831808650425,-0.004401004541318554,0.03497024872650697,0.5727987513255332,0.8120472967532875,-0.058986159492962244,-0.09435957253375793,1434,1652332959,369106701,,"['waist', 'shoulder', 'elbow', 'forearm_roll', 'wrist_angle', 'wrist_rotate', 'gripper', 'left_finger', 'right_finger']","(-0.0015339808305725455, -1.919010043144226, 1.6306216716766357, 0.015339808538556099, 0.6412039995193481, 0.023009711876511574, -0.2592427730560303, 0.0162323210388422, -0.0162323210388422)","(0.0, 0.0, 0.0, 0.0, 0.07194247096776962, 0.0, 0.0, 0.0, 0.0)","(0.0, 0.0, -2.690000057220459, 0.0, 0.0, -5.380000114440918, 0.0, 0.0, 0.0)"
1652332959.503537,54,0,0,,237,1652332959,431754827,wx250s/base_link,0,1652332959.4317548,0,0,0,0,,0.24135800303149338,0.0002939208229783465,0.03354386605249171,0.571687397308349,0.8126525376049971,-0.06587139277767035,-0.09181684211785189,236,1652332959,418359280,wx250s/base_link,0,1652332959.4183593,0,0,0,0,,0.24413282579652174,-0.005940729497081694,0.04706606434462335,0.5748459039643343,0.8083171900370811,-0.05372527718512852,-0.1152783656084956,236,1652332959,433542013,wx250s/base_link,0,1652332959.433542,0,0,0,0,,0.24548341211505353,-0.007281009515968717,0.02503223960285339,0.5706397838372212,0.8157399839795674,-0.04825670966263686,-0.08130071101632907,0,0,0,,0,1652332959.4278853,0,0,0,0,,0.2436580803143562,-0.0043092727300240215,0.03521405666665615,0.5723910283699682,0.8122365705405485,-0.05595112654181191,-0.09613197291422552,1440,1652332959,429276071,,"['waist', 'shoulder', 'elbow', 'forearm_roll', 'wrist_angle', 'wrist_rotate', 'gripper', 'left_finger', 'right_finger']","(-0.0015339808305725455, -1.919010043144226, 1.6306216716766357, 0.015339808538556099, 0.6412039995193481, 0.023009711876511574, -0.2592427730560303, 0.0162323210388422, -0.0162323210388422)","(0.0, 0.0, 0.0, 0.0, 0.0, 0.0, 0.0, 0.0, 0.0)","(0.0, 0.0, -2.690000057220459, 0.0, 0.0, -2.690000057220459, 0.0, 0.0, 0.0)"
